category,scope,region,target,lead_months,model,calibration,n_test_months,bs_reference,bs_model,bss_vs_climatology,bss_ci_low,bss_ci_high,roc_auc_dry,hss,delta_bss,claim_status,headline,notes,source_file
central_valley_calibrated_checkpoint,canonical_spi1_lead1,California Central Valley,SPI-1 dry fraction,1,XGB,isotonic,63,0.0643,0.06839,-0.06395,-0.2165,0.0492,,,,not_distinguishable_from_climatology,True,Validation-selected post-hoc calibration; this is the primary Central Valley probability-skill checkpoint.,outputs/calib_study_results.csv
central_valley_calibrated_checkpoint,canonical_spi1_lead1,California Central Valley,SPI-1 dry fraction,1,XGB-Spatial,isotonic,63,0.0643,0.06394,0.00525,-0.0622,0.0733,,,,positive_uncertain,True,Validation-selected post-hoc calibration; this is the primary Central Valley probability-skill checkpoint.,outputs/calib_study_results.csv
central_valley_feature_extension,canonical_spi1_lead1_feature_extension,California Central Valley,SPI-1 dry fraction,1,XGB-Spatial + gridded temperature/VPD isotonic,isotonic,63,0.06427839150335463,0.0672850632124502,-0.04677577703447455,-0.1266482077321547,0.027352523746960185,,,,not_distinguishable_from_climatology,False,ERA5-Land gridded t2m/VPD anomaly lags interpolated to CHIRPS grid.,outputs/met_spatial_xgb_monthly_scores.csv
central_valley_feature_extension,canonical_spi1_lead1_feature_extension,California Central Valley,SPI-1 dry fraction,1,XGB-Spatial + gridded temperature/VPD platt,platt,63,0.06427839150335463,0.06943473802220286,-0.08021897247660803,-0.15534706948238472,-0.026744579840371704,,,,robust_negative,False,ERA5-Land gridded t2m/VPD anomaly lags interpolated to CHIRPS grid.,outputs/met_spatial_xgb_monthly_scores.csv
central_valley_feature_extension,canonical_spi1_lead1_feature_extension,California Central Valley,SPI-1 dry fraction,1,XGB-Spatial + gridded temperature/VPD raw,raw,63,0.06427839150335463,0.0746471239652402,-0.16130976863888136,-0.7999461680354165,0.13677949959867894,,,,not_distinguishable_from_climatology,False,ERA5-Land gridded t2m/VPD anomaly lags interpolated to CHIRPS grid.,outputs/met_spatial_xgb_monthly_scores.csv
central_valley_feature_extension,canonical_spi1_lead1_feature_extension,California Central Valley,SPI-1 dry fraction,1,XGB-Spatial + gridded temperature/VPD selected,selected,63,0.06427839150335463,0.0672850632124502,-0.04677577703447455,-0.13077505888753707,0.023428449689384987,,,,not_distinguishable_from_climatology,True,ERA5-Land gridded t2m/VPD anomaly lags interpolated to CHIRPS grid.,outputs/met_spatial_xgb_monthly_scores.csv
central_valley_feature_extension,canonical_spi1_lead1_feature_extension,California Central Valley,SPI-1 dry fraction,1,XGBoost + MJO/IVT isotonic,isotonic,39,0.07910280893765495,0.10545040915099993,-0.3330804628456481,-1.0340697428191425,-0.09562615560508092,,,,robust_negative,False,MJO RMM monthly features plus optional ERA5 IVT anomalies; shorter test period.,outputs/atmos_feature_xgb_monthly_scores.csv
central_valley_feature_extension,canonical_spi1_lead1_feature_extension,California Central Valley,SPI-1 dry fraction,1,XGBoost + MJO/IVT platt,platt,39,0.07910280893765495,0.08849593832948352,-0.11874583871265276,-0.26354204939013687,-0.0026518112280541854,,,,robust_negative,False,MJO RMM monthly features plus optional ERA5 IVT anomalies; shorter test period.,outputs/atmos_feature_xgb_monthly_scores.csv
central_valley_feature_extension,canonical_spi1_lead1_feature_extension,California Central Valley,SPI-1 dry fraction,1,XGBoost + MJO/IVT raw,raw,39,0.07910280893765495,0.09981335874124939,-0.2618181336634644,-0.9233441401019774,0.010317467987971908,,,,not_distinguishable_from_climatology,False,MJO RMM monthly features plus optional ERA5 IVT anomalies; shorter test period.,outputs/atmos_feature_xgb_monthly_scores.csv
central_valley_feature_extension,canonical_spi1_lead1_feature_extension,California Central Valley,SPI-1 dry fraction,1,XGBoost + MJO/IVT selected,selected,39,0.07910280893765495,0.10545040915099993,-0.3330804628456481,-1.0437006432445564,-0.08263635721544635,,,,robust_negative,True,MJO RMM monthly features plus optional ERA5 IVT anomalies; shorter test period.,outputs/atmos_feature_xgb_monthly_scores.csv
central_valley_feature_extension,canonical_spi1_lead1_feature_extension,California Central Valley,SPI-1 dry fraction,1,XGBoost + regional temperature/VPD isotonic,isotonic,63,0.06427839150335463,0.07020302324887273,-0.09217143750725154,-0.17637160183353243,-0.03335172226930417,,,,robust_negative,False,ERA5-Land regional t2m/VPD anomaly lags.,outputs/met_feature_xgb_monthly_scores.csv
central_valley_feature_extension,canonical_spi1_lead1_feature_extension,California Central Valley,SPI-1 dry fraction,1,XGBoost + regional temperature/VPD platt,platt,63,0.06427839150335463,0.07284186778876318,-0.13322480673713866,-0.25157356316878626,-0.0652698030709687,,,,robust_negative,False,ERA5-Land regional t2m/VPD anomaly lags.,outputs/met_feature_xgb_monthly_scores.csv
central_valley_feature_extension,canonical_spi1_lead1_feature_extension,California Central Valley,SPI-1 dry fraction,1,XGBoost + regional temperature/VPD raw,raw,63,0.06427839150335463,0.06621775318587972,-0.030171285204358078,-0.4464586174087721,0.2145624682890554,,,,not_distinguishable_from_climatology,False,ERA5-Land regional t2m/VPD anomaly lags.,outputs/met_feature_xgb_monthly_scores.csv
central_valley_feature_extension,canonical_spi1_lead1_feature_extension,California Central Valley,SPI-1 dry fraction,1,XGBoost + regional temperature/VPD selected,selected,63,0.06427839150335463,0.07020302324887273,-0.09217143750725154,-0.1772762021284822,-0.03342030607863104,,,,robust_negative,True,ERA5-Land regional t2m/VPD anomaly lags.,outputs/met_feature_xgb_monthly_scores.csv
central_valley_feature_extension,canonical_spi1_lead1_feature_extension,California Central Valley,SPI-1 dry fraction,1,XGBoost + soil moisture isotonic,isotonic,63,0.06427839150335463,0.07443511272221977,-0.15801144025726077,-0.35940395695497906,-0.0509222773364179,,,,robust_negative,False,ERA5-Land soil-water/root-zone anomaly lags.,outputs/soil_moisture_xgb_monthly_scores.csv
central_valley_feature_extension,canonical_spi1_lead1_feature_extension,California Central Valley,SPI-1 dry fraction,1,XGBoost + soil moisture platt,platt,63,0.06427839150335463,0.07199954341337272,-0.12012049040796446,-0.2173760452704162,-0.06002395942741021,,,,robust_negative,False,ERA5-Land soil-water/root-zone anomaly lags.,outputs/soil_moisture_xgb_monthly_scores.csv
central_valley_feature_extension,canonical_spi1_lead1_feature_extension,California Central Valley,SPI-1 dry fraction,1,XGBoost + soil moisture raw,raw,63,0.06427839150335463,0.10183702749871812,-0.5843120077670789,-1.3560103296483503,-0.2521863075136769,,,,robust_negative,False,ERA5-Land soil-water/root-zone anomaly lags.,outputs/soil_moisture_xgb_monthly_scores.csv
central_valley_feature_extension,canonical_spi1_lead1_feature_extension,California Central Valley,SPI-1 dry fraction,1,XGBoost + soil moisture selected,selected,63,0.06427839150335463,0.07443511272221977,-0.15801144025726077,-0.3845280871285667,-0.048934553933159514,,,,robust_negative,True,ERA5-Land soil-water/root-zone anomaly lags.,outputs/soil_moisture_xgb_monthly_scores.csv
central_valley_memory_target,memory_target_spi6_lead6,California Central Valley,SPI-6 dry fraction,6,Memory target external CPC NMME anomaly forecast,isotonic,62,0.1269486677442054,0.1706097446466008,-0.3439270193080728,-1.228942570806429,0.1005812710540162,,,,not_distinguishable_from_climatology,False,variant=external_operational; best_validation_calibration=nan; spearman=0.171; amplitude_ratio=0.636,outputs/memory_target_spi6_lead6_summary.csv
central_valley_memory_target,memory_target_spi6_lead6,California Central Valley,SPI-6 dry fraction,6,Memory target external CPC NMME anomaly forecast,selected,62,0.1269486677442054,0.1706097446466008,-0.3439270193080728,-1.189541805726863,0.1044599480004773,,,,not_distinguishable_from_climatology,True,variant=external_operational; best_validation_calibration=nan; spearman=0.171; amplitude_ratio=0.636,outputs/memory_target_spi6_lead6_summary.csv
central_valley_memory_target,memory_target_spi6_lead6,California Central Valley,SPI-6 dry fraction,6,Memory target external CPC NMME probability forecast,raw,49,0.1041885231044988,0.1005103048940645,0.0353034873787889,-0.51356174539039,0.2566378525041754,,,,positive_uncertain,False,variant=external_operational; best_validation_calibration=nan; spearman=0.375; amplitude_ratio=0.082,outputs/memory_target_spi6_lead6_summary.csv
central_valley_memory_target,memory_target_spi6_lead6,California Central Valley,SPI-6 dry fraction,6,Memory target external CPC NMME probability forecast,isotonic,49,0.1041885231044988,0.1467632908289492,-0.4086320302452966,-1.716259651408136,0.1692761414299003,,,,not_distinguishable_from_climatology,False,variant=external_operational; best_validation_calibration=nan; spearman=0.361; amplitude_ratio=0.612,outputs/memory_target_spi6_lead6_summary.csv
central_valley_memory_target,memory_target_spi6_lead6,California Central Valley,SPI-6 dry fraction,6,Memory target external CPC NMME probability forecast,selected,49,0.1041885231044988,0.1467632908289492,-0.4086320302452966,-1.7655304396017408,0.1680406997877166,,,,not_distinguishable_from_climatology,True,variant=external_operational; best_validation_calibration=nan; spearman=0.361; amplitude_ratio=0.612,outputs/memory_target_spi6_lead6_summary.csv
central_valley_memory_target,memory_target_spi6_lead6,California Central Valley,SPI-6 dry fraction,6,Memory target lag/climate XGBoost,raw,62,0.1269486677442054,0.1241855062825514,0.0217659744741988,-0.2355642887416694,0.1695291328063126,,,,positive_uncertain,False,variant=lag_climate; best_validation_calibration=platt; spearman=-0.004; amplitude_ratio=0.195; top_features=nino34_lag2; nino34_lag1; month_cos; month_sin; spi6_lag1; spi3_lag1; spi1_lag3; spi1_lag2,outputs/memory_target_spi6_lead6_summary.csv
central_valley_memory_target,memory_target_spi6_lead6,California Central Valley,SPI-6 dry fraction,6,Memory target lag/climate XGBoost,isotonic,62,0.1269486677442054,0.1266480861583575,0.0023677411601789,-0.0559858337595055,0.0520710339073272,,,,positive_uncertain,False,variant=lag_climate; best_validation_calibration=platt; spearman=0.040; amplitude_ratio=0.126; top_features=nino34_lag2; nino34_lag1; month_cos; month_sin; spi6_lag1; spi3_lag1; spi1_lag3; spi1_lag2,outputs/memory_target_spi6_lead6_summary.csv
central_valley_memory_target,memory_target_spi6_lead6,California Central Valley,SPI-6 dry fraction,6,Memory target lag/climate XGBoost,platt,62,0.1269486677442054,0.1219168125657269,0.0396369278062638,-0.0200889133386363,0.0809118011183636,,,,positive_uncertain,False,variant=lag_climate; best_validation_calibration=platt; spearman=0.004; amplitude_ratio=0.076; top_features=nino34_lag2; nino34_lag1; month_cos; month_sin; spi6_lag1; spi3_lag1; spi1_lag3; spi1_lag2,outputs/memory_target_spi6_lead6_summary.csv
central_valley_memory_target,memory_target_spi6_lead6,California Central Valley,SPI-6 dry fraction,6,Memory target lag/climate XGBoost,selected,62,0.1269486677442054,0.1219168125657269,0.0396369278062638,-0.0204470046599093,0.0819334495863394,,,,positive_uncertain,True,variant=lag_climate; best_validation_calibration=platt; spearman=0.004; amplitude_ratio=0.076; top_features=nino34_lag2; nino34_lag1; month_cos; month_sin; spi6_lag1; spi3_lag1; spi1_lag3; spi1_lag2,outputs/memory_target_spi6_lead6_summary.csv
central_valley_memory_target,memory_target_spi6_lead6,California Central Valley,SPI-6 dry fraction,6,Memory target soil-memory XGBoost,raw,62,0.1269486677442054,0.1190068782922198,0.0625590610213239,-0.1921031836742402,0.2012343463582471,,,,positive_uncertain,False,variant=soil_memory; best_validation_calibration=isotonic; spearman=-0.090; amplitude_ratio=0.049; top_features=nino34_lag2; rootzone_sm_anom_lag2; swvl1_anom_lag2; swvl3_anom_lag1; swvl3_anom_lag2; swvl2_anom_lag2; rootzone_sm_anom_lag1; swvl2_anom_lag1,outputs/memory_target_spi6_lead6_summary.csv
central_valley_memory_target,memory_target_spi6_lead6,California Central Valley,SPI-6 dry fraction,6,Memory target soil-memory XGBoost,isotonic,62,0.1269486677442054,0.1469568075053681,-0.1576081113468481,-0.413105966513448,0.0074119749882753,,,,not_distinguishable_from_climatology,False,variant=soil_memory; best_validation_calibration=isotonic; spearman=-0.102; amplitude_ratio=0.314; top_features=nino34_lag2; rootzone_sm_anom_lag2; swvl1_anom_lag2; swvl3_anom_lag1; swvl3_anom_lag2; swvl2_anom_lag2; rootzone_sm_anom_lag1; swvl2_anom_lag1,outputs/memory_target_spi6_lead6_summary.csv
central_valley_memory_target,memory_target_spi6_lead6,California Central Valley,SPI-6 dry fraction,6,Memory target soil-memory XGBoost,platt,62,0.1269486677442054,0.1244711716303315,0.0195157314991749,-0.0225390654533681,0.054456802505971,,,,positive_uncertain,False,variant=soil_memory; best_validation_calibration=isotonic; spearman=-0.090; amplitude_ratio=0.021; top_features=nino34_lag2; rootzone_sm_anom_lag2; swvl1_anom_lag2; swvl3_anom_lag1; swvl3_anom_lag2; swvl2_anom_lag2; rootzone_sm_anom_lag1; swvl2_anom_lag1,outputs/memory_target_spi6_lead6_summary.csv
central_valley_memory_target,memory_target_spi6_lead6,California Central Valley,SPI-6 dry fraction,6,Memory target soil-memory XGBoost,selected,62,0.1269486677442054,0.1469568075053681,-0.1576081113468481,-0.409904380861572,0.0121116688621265,,,,not_distinguishable_from_climatology,True,variant=soil_memory; best_validation_calibration=isotonic; spearman=-0.102; amplitude_ratio=0.314; top_features=nino34_lag2; rootzone_sm_anom_lag2; swvl1_anom_lag2; swvl3_anom_lag1; swvl3_anom_lag2; swvl2_anom_lag2; rootzone_sm_anom_lag1; swvl2_anom_lag1,outputs/memory_target_spi6_lead6_summary.csv
central_valley_memory_target,memory_target_spi6_lead6,California Central Valley,SPI-6 dry fraction,6,target-consistent persistence,none,62,0.1269486677442054,0.2474462202644355,-0.9491832774726404,-2.018791143323845,-0.3291745620200769,,,,robust_negative,True,variant=lag_climate; best_validation_calibration=platt; spearman=-0.163; amplitude_ratio=1.019; top_features=nino34_lag2; nino34_lag1; month_cos; month_sin; spi6_lag1; spi3_lag1; spi1_lag3; spi1_lag2,outputs/memory_target_spi6_lead6_summary.csv
central_valley_memory_target,memory_target_spi6_lead6,California Central Valley,SPI-6 dry fraction,6,target-consistent persistence,none,62,0.1269486677442054,0.2474462202644355,-0.9491832774726404,-2.018791143323845,-0.3291745620200769,,,,robust_negative,False,variant=soil_memory; best_validation_calibration=isotonic; spearman=-0.163; amplitude_ratio=1.019; top_features=nino34_lag2; rootzone_sm_anom_lag2; swvl1_anom_lag2; swvl3_anom_lag1; swvl3_anom_lag2; swvl2_anom_lag2; rootzone_sm_anom_lag1; swvl2_anom_lag1,outputs/memory_target_spi6_lead6_summary.csv
central_valley_model_suite_raw,canonical_spi1_lead1,California Central Valley,SPI-1 dry fraction,1,Climatological baseline,raw_or_model_default,63,0.0643,0.0643,0.0,,,,0.0,,reference,True,Monthly-level score; pixel metrics are secondary.,outputs/forecast_skill_bss_hss_table.csv
central_valley_model_suite_raw,canonical_spi1_lead1,California Central Valley,SPI-1 dry fraction,1,ConvLSTM,raw_or_model_default,63,0.0643,0.0872,-0.3565,-1.2722,0.0264,0.5886,0.0933,,not_distinguishable_from_climatology,True,Monthly-level score; pixel metrics are secondary.,outputs/forecast_skill_bss_hss_table.csv
central_valley_model_suite_raw,canonical_spi1_lead1,California Central Valley,SPI-1 dry fraction,1,Logistic Regression,raw_or_model_default,63,0.0643,0.0893,-0.3888,-1.7116,0.1126,0.8409,0.124,,not_distinguishable_from_climatology,False,Monthly-level score; pixel metrics are secondary.,outputs/forecast_skill_bss_hss_table.csv
central_valley_model_suite_raw,canonical_spi1_lead1,California Central Valley,SPI-1 dry fraction,1,Persistence baseline,raw_or_model_default,63,0.0643,0.1018,-0.5836,-1.5913,0.015,0.5057,0.0833,,not_distinguishable_from_climatology,False,Monthly-level score; pixel metrics are secondary.,outputs/forecast_skill_bss_hss_table.csv
central_valley_model_suite_raw,canonical_spi1_lead1,California Central Valley,SPI-1 dry fraction,1,Random Forest,raw_or_model_default,63,0.0643,0.0686,-0.0679,-0.4051,0.0972,0.6614,-0.0427,,not_distinguishable_from_climatology,True,Monthly-level score; pixel metrics are secondary.,outputs/forecast_skill_bss_hss_table.csv
central_valley_model_suite_raw,canonical_spi1_lead1,California Central Valley,SPI-1 dry fraction,1,SPI-1 threshold baseline,raw_or_model_default,63,0.0643,0.096,-0.4937,-1.3286,0.0306,0.5091,0.0833,,not_distinguishable_from_climatology,False,Monthly-level score; pixel metrics are secondary.,outputs/forecast_skill_bss_hss_table.csv
central_valley_model_suite_raw,canonical_spi1_lead1,California Central Valley,SPI-1 dry fraction,1,XGBoost (no spatial),raw_or_model_default,63,0.0643,0.0817,-0.2715,-0.9811,0.0893,0.6818,0.0789,,not_distinguishable_from_climatology,False,Monthly-level score; pixel metrics are secondary.,outputs/forecast_skill_bss_hss_table.csv
central_valley_model_suite_raw,canonical_spi1_lead1,California Central Valley,SPI-1 dry fraction,1,XGBoost-Spatial,raw_or_model_default,63,0.0643,0.0717,-0.1154,-0.7693,0.2234,0.7432,0.0392,,not_distinguishable_from_climatology,True,Monthly-level score; pixel metrics are secondary.,outputs/forecast_skill_bss_hss_table.csv
central_valley_seasonal_target,seasonal_spi3_lead3,California Central Valley,SPI-3 dry fraction,3,Seasonal SPI-3 lead-3 persistence_spi3,persistence_spi3,59,0.08764639097130043,0.15797840110374425,-0.8024518677041002,-1.6720128089273756,-0.3380466858292084,,,,robust_negative,False,Leakage-safe seasonal target with lead >= SPI accumulation window.,outputs/seasonal_spi3_lead3_monthly_scores.csv
central_valley_seasonal_target,seasonal_spi3_lead3,California Central Valley,SPI-3 dry fraction,3,Seasonal SPI-3 lead-3 xgb_isotonic,xgb_isotonic,59,0.08764639097130043,0.08448736234323197,0.036042883147383464,-0.12696446954341822,0.13957519178565275,,,,positive_uncertain,True,Leakage-safe seasonal target with lead >= SPI accumulation window.,outputs/seasonal_spi3_lead3_monthly_scores.csv
central_valley_seasonal_target,seasonal_spi3_lead3,California Central Valley,SPI-3 dry fraction,3,Seasonal SPI-3 lead-3 xgb_raw,xgb_raw,59,0.08764639097130043,0.10941793641836857,-0.24840207572491102,-0.9279096186494118,0.09196872817248948,,,,not_distinguishable_from_climatology,False,Leakage-safe seasonal target with lead >= SPI accumulation window.,outputs/seasonal_spi3_lead3_monthly_scores.csv
central_valley_seasonal_target,seasonal_spi3_lead6,California Central Valley,SPI-3 dry fraction,6,Seasonal SPI-3 lead-6 persistence_spi3,persistence_spi3,62,0.08421154839669028,0.18242926159383566,-1.1663211883300981,-2.7150218138695936,-0.39437233544165823,,,,robust_negative,False,Leakage-safe seasonal target with lead >= SPI accumulation window.,outputs/seasonal_spi3_lead6_monthly_scores.csv
central_valley_seasonal_target,seasonal_spi3_lead6,California Central Valley,SPI-3 dry fraction,6,Seasonal SPI-3 lead-6 xgb_isotonic,xgb_isotonic,62,0.08421154839669028,0.09329158719373742,-0.10782415203048346,-0.3321384930026321,0.057628462931118445,,,,not_distinguishable_from_climatology,True,Leakage-safe seasonal target with lead >= SPI accumulation window.,outputs/seasonal_spi3_lead6_monthly_scores.csv
central_valley_seasonal_target,seasonal_spi3_lead6,California Central Valley,SPI-3 dry fraction,6,Seasonal SPI-3 lead-6 xgb_raw,xgb_raw,62,0.08421154839669028,0.13238193973336249,-0.5720164544387529,-1.370549396094385,-0.10463666338164199,,,,robust_negative,False,Leakage-safe seasonal target with lead >= SPI accumulation window.,outputs/seasonal_spi3_lead6_monthly_scores.csv
central_valley_seasonal_target,seasonal_spi6_lead6,California Central Valley,SPI-6 dry fraction,6,Seasonal SPI-6 lead-6 persistence_spi6,persistence_spi6,62,0.1269486677442054,0.24744622026443555,-0.9491832774726403,-2.0119564438207953,-0.32599487065090016,,,,robust_negative,False,Leakage-safe seasonal target with lead >= SPI accumulation window.,outputs/seasonal_spi6_lead6_monthly_scores.csv
central_valley_seasonal_target,seasonal_spi6_lead6,California Central Valley,SPI-6 dry fraction,6,Seasonal SPI-6 lead-6 xgb_isotonic,xgb_isotonic,62,0.1269486677442054,0.14092420943824013,-0.11008813201722356,-0.3495045855132963,0.03115783933692665,,,,not_distinguishable_from_climatology,True,Leakage-safe seasonal target with lead >= SPI accumulation window.,outputs/seasonal_spi6_lead6_monthly_scores.csv
central_valley_seasonal_target,seasonal_spi6_lead6,California Central Valley,SPI-6 dry fraction,6,Seasonal SPI-6 lead-6 xgb_raw,xgb_raw,62,0.1269486677442054,0.15127135647911386,-0.1915946749745916,-0.6736037226023033,0.07280746255045256,,,,not_distinguishable_from_climatology,False,Leakage-safe seasonal target with lead >= SPI accumulation window.,outputs/seasonal_spi6_lead6_monthly_scores.csv
central_valley_uncertainty,canonical_spi1_lead1_edl,California Central Valley,SPI-1 dry fraction,1,EDL MLP isotonic,isotonic,63,0.06427839150335463,0.07174914859356982,-0.11622501614442693,-0.21257280428582928,-0.05842734352481735,,,,robust_negative,False,"Dirichlet EDL uncertainty; selected monthly uncertainty Spearman corr(abs error): total=0.028, epistemic=0.117.",outputs/edl_uncertainty_monthly.csv
central_valley_uncertainty,canonical_spi1_lead1_edl,California Central Valley,SPI-1 dry fraction,1,EDL MLP platt,platt,63,0.06427839150335463,0.07214243064183613,-0.12234343384387714,-0.21212773702755286,-0.05965929136716177,,,,robust_negative,False,"Dirichlet EDL uncertainty; selected monthly uncertainty Spearman corr(abs error): total=0.028, epistemic=0.117.",outputs/edl_uncertainty_monthly.csv
central_valley_uncertainty,canonical_spi1_lead1_edl,California Central Valley,SPI-1 dry fraction,1,EDL MLP raw,raw,63,0.06427839150335463,0.09148286922995108,-0.4232289746263591,-1.4279266598406732,-0.048189248564572934,,,,robust_negative,False,"Dirichlet EDL uncertainty; selected monthly uncertainty Spearman corr(abs error): total=0.028, epistemic=0.117.",outputs/edl_uncertainty_monthly.csv
central_valley_uncertainty,canonical_spi1_lead1_edl,California Central Valley,SPI-1 dry fraction,1,EDL MLP selected,selected,63,0.06427839150335463,0.07174914859356982,-0.11622501614442693,-0.20737355590795978,-0.05920143351907585,,,,robust_negative,True,"Dirichlet EDL uncertainty; selected monthly uncertainty Spearman corr(abs error): total=0.028, epistemic=0.117.",outputs/edl_uncertainty_monthly.csv
feature_ablation,canonical_spi1_lead1_xgb_raw,California Central Valley,SPI-1 dry fraction,1,XGBoost ablation: all_features,raw,63,,,-0.2715460787970962,,,,,0.0,negative_no_ci,True,Ablated features: ,outputs/feature_ablation_results.csv
feature_ablation,canonical_spi1_lead1_xgb_raw,California Central Valley,SPI-1 dry fraction,1,XGBoost ablation: enso,raw,63,,,-0.14477,,,,,0.12678,negative_no_ci,True,"Ablated features: nino34_lag1, nino34_lag2",outputs/feature_ablation_results.csv
feature_ablation,canonical_spi1_lead1_xgb_raw,California Central Valley,SPI-1 dry fraction,1,XGBoost ablation: pr_lags,raw,63,,,-0.45518,,,,,-0.18363,negative_no_ci,True,"Ablated features: pr_lag1, pr_lag2, pr_lag3",outputs/feature_ablation_results.csv
feature_ablation,canonical_spi1_lead1_xgb_raw,California Central Valley,SPI-1 dry fraction,1,XGBoost ablation: seasonality,raw,63,,,-0.46323,,,,,-0.19168,negative_no_ci,True,"Ablated features: month_sin, month_cos",outputs/feature_ablation_results.csv
feature_ablation,canonical_spi1_lead1_xgb_raw,California Central Valley,SPI-1 dry fraction,1,XGBoost ablation: spi_lags,raw,63,,,-0.15234,,,,,0.1192,negative_no_ci,False,"Ablated features: spi1_lag1, spi1_lag2, spi1_lag3, spi3_lag1, spi6_lag1",outputs/feature_ablation_results.csv
forecast_informed_landsurface_benchmark,landsurface_cfsv2_rzsm_lead1,California Central Valley,ERA5-Land root-zone soil moisture dry fraction,1,ERA5-Land root-zone persistence isotonic,isotonic,42,0.08035054353434741,0.05196966437742255,0.35321328156035303,-0.21922852377270083,0.6364670898892286,,,,positive_uncertain,False,"Same observed root-zone dry-fraction target, using previous observed month as a land-memory reference.",outputs/landsurface_cfsv2_rzsm_lead1_monthly_scores.csv
forecast_informed_landsurface_benchmark,landsurface_cfsv2_rzsm_lead1,California Central Valley,ERA5-Land root-zone soil moisture dry fraction,1,ERA5-Land root-zone persistence raw,raw,42,0.08035054353434741,0.03723174173301807,0.5366336045119268,-0.07191340272842406,0.8482794694454272,,,,positive_uncertain,True,"Same observed root-zone dry-fraction target, using previous observed month as a land-memory reference.",outputs/landsurface_cfsv2_rzsm_lead1_monthly_scores.csv
forecast_informed_landsurface_benchmark,landsurface_cfsv2_rzsm_lead1,California Central Valley,ERA5-Land root-zone soil moisture dry fraction,1,ERA5-Land root-zone persistence selected,selected,42,0.08035054353434741,0.05196966437742255,0.35321328156035303,-0.23046815060274722,0.6332900043049969,,,,positive_uncertain,True,"Same observed root-zone dry-fraction target, using previous observed month as a land-memory reference.",outputs/landsurface_cfsv2_rzsm_lead1_monthly_scores.csv
forecast_informed_landsurface_benchmark,landsurface_cfsv2_rzsm_lead1,California Central Valley,ERA5-Land root-zone soil moisture dry fraction,1,NCEI CFSv2 soil-moisture forecast anomaly_isotonic,anomaly_isotonic,42,0.08035054353434741,0.02969782824123275,0.6303966726928507,0.47260998219399875,0.7578009950508967,,,,robust_positive,False,"NOAA NCEI THREDDS CFSv2 monthly-mean flxf soilw forecast mapped to ERA5-Land root-zone soil-moisture dry-fraction probability. Observed dry thresholds and climatology use the train period; calibration is validation-only. This is a forecast-informed land-surface benchmark, not a lag-only ML model; CFSv2 member aggregation=single-cycle.",outputs/landsurface_cfsv2_rzsm_lead1_monthly_scores.csv
forecast_informed_landsurface_benchmark,landsurface_cfsv2_rzsm_lead1,California Central Valley,ERA5-Land root-zone soil moisture dry fraction,1,NCEI CFSv2 soil-moisture forecast raw_isotonic,raw_isotonic,42,0.08035054353434741,0.08567772962874154,-0.06629931622201068,-0.4241078844117589,0.2533508686427036,,,,not_distinguishable_from_climatology,False,"NOAA NCEI THREDDS CFSv2 monthly-mean flxf soilw forecast mapped to ERA5-Land root-zone soil-moisture dry-fraction probability. Observed dry thresholds and climatology use the train period; calibration is validation-only. This is a forecast-informed land-surface benchmark, not a lag-only ML model; CFSv2 member aggregation=single-cycle.",outputs/landsurface_cfsv2_rzsm_lead1_monthly_scores.csv
forecast_informed_landsurface_benchmark,landsurface_cfsv2_rzsm_lead1,California Central Valley,ERA5-Land root-zone soil moisture dry fraction,1,NCEI CFSv2 soil-moisture forecast selected,selected,42,0.08035054353434741,0.02969782824123275,0.6303966726928507,0.47684457770092953,0.7616298442447963,,,,robust_positive,True,"NOAA NCEI THREDDS CFSv2 monthly-mean flxf soilw forecast mapped to ERA5-Land root-zone soil-moisture dry-fraction probability. Observed dry thresholds and climatology use the train period; calibration is validation-only. This is a forecast-informed land-surface benchmark, not a lag-only ML model; CFSv2 member aggregation=single-cycle.",outputs/landsurface_cfsv2_rzsm_lead1_monthly_scores.csv
forecast_informed_landsurface_benchmark,landsurface_cfsv2_rzsm_lead1_allcycles,California Central Valley,ERA5-Land root-zone soil moisture dry fraction,1,ERA5-Land root-zone persistence isotonic,isotonic,39,0.08265673108752535,0.04398793256352999,0.46782395111958763,0.24145249061034563,0.6016017572980024,,,,robust_positive,False,"Same observed root-zone dry-fraction target, using previous observed month as a land-memory reference.",outputs/landsurface_cfsv2_rzsm_lead1_allcycles_monthly_scores.csv
forecast_informed_landsurface_benchmark,landsurface_cfsv2_rzsm_lead1_allcycles,California Central Valley,ERA5-Land root-zone soil moisture dry fraction,1,ERA5-Land root-zone persistence raw,raw,39,0.08265673108752535,0.039395599549487854,0.5233830441737191,-0.15391574504816488,0.858611554792551,,,,positive_uncertain,True,"Same observed root-zone dry-fraction target, using previous observed month as a land-memory reference.",outputs/landsurface_cfsv2_rzsm_lead1_allcycles_monthly_scores.csv
forecast_informed_landsurface_benchmark,landsurface_cfsv2_rzsm_lead1_allcycles,California Central Valley,ERA5-Land root-zone soil moisture dry fraction,1,ERA5-Land root-zone persistence selected,selected,39,0.08265673108752535,0.04398793256352999,0.46782395111958763,0.2636388500665207,0.6049260534565893,,,,robust_positive,True,"Same observed root-zone dry-fraction target, using previous observed month as a land-memory reference.",outputs/landsurface_cfsv2_rzsm_lead1_allcycles_monthly_scores.csv
forecast_informed_landsurface_benchmark,landsurface_cfsv2_rzsm_lead1_allcycles,California Central Valley,ERA5-Land root-zone soil moisture dry fraction,1,NCEI CFSv2 soil-moisture forecast 4-cycle mean anomaly_isotonic,anomaly_isotonic,39,0.08265673108752535,0.0404389273033228,0.5107606268568503,0.29639331858205564,0.6815235150134398,,,,robust_positive,False,"NOAA NCEI THREDDS CFSv2 monthly-mean flxf soilw forecast mapped to ERA5-Land root-zone soil-moisture dry-fraction probability. Observed dry thresholds and climatology use the train period; calibration is validation-only. This is a forecast-informed land-surface benchmark, not a lag-only ML model; CFSv2 member aggregation=4-cycle mean.",outputs/landsurface_cfsv2_rzsm_lead1_allcycles_monthly_scores.csv
forecast_informed_landsurface_benchmark,landsurface_cfsv2_rzsm_lead1_allcycles,California Central Valley,ERA5-Land root-zone soil moisture dry fraction,1,NCEI CFSv2 soil-moisture forecast 4-cycle mean raw_isotonic,raw_isotonic,39,0.08265673108752535,0.08563767506119281,-0.03606414062650187,-0.4357453668962242,0.2555124433997213,,,,not_distinguishable_from_climatology,False,"NOAA NCEI THREDDS CFSv2 monthly-mean flxf soilw forecast mapped to ERA5-Land root-zone soil-moisture dry-fraction probability. Observed dry thresholds and climatology use the train period; calibration is validation-only. This is a forecast-informed land-surface benchmark, not a lag-only ML model; CFSv2 member aggregation=4-cycle mean.",outputs/landsurface_cfsv2_rzsm_lead1_allcycles_monthly_scores.csv
forecast_informed_landsurface_benchmark,landsurface_cfsv2_rzsm_lead1_allcycles,California Central Valley,ERA5-Land root-zone soil moisture dry fraction,1,NCEI CFSv2 soil-moisture forecast 4-cycle mean selected,selected,39,0.08265673108752535,0.0404389273033228,0.5107606268568503,0.2924545142698872,0.6756693642058512,,,,robust_positive,True,"NOAA NCEI THREDDS CFSv2 monthly-mean flxf soilw forecast mapped to ERA5-Land root-zone soil-moisture dry-fraction probability. Observed dry thresholds and climatology use the train period; calibration is validation-only. This is a forecast-informed land-surface benchmark, not a lag-only ML model; CFSv2 member aggregation=4-cycle mean.",outputs/landsurface_cfsv2_rzsm_lead1_allcycles_monthly_scores.csv
forecast_informed_landsurface_benchmark,landsurface_cfsv2_rzsm_mediterranean_spain_lead1_allcycles,Mediterranean Spain bounding box,ERA5-Land root-zone soil moisture dry fraction,1,ERA5-Land root-zone persistence isotonic,isotonic,39,0.04652180184766109,0.044225457075457296,0.04936061547494086,-0.9569179297607432,0.5800858848965037,,,,positive_uncertain,False,"Same observed root-zone dry-fraction target, using previous observed month as a land-memory reference.",outputs/landsurface_cfsv2_rzsm_mediterranean_spain_lead1_allcycles_monthly_scores.csv
forecast_informed_landsurface_benchmark,landsurface_cfsv2_rzsm_mediterranean_spain_lead1_allcycles,Mediterranean Spain bounding box,ERA5-Land root-zone soil moisture dry fraction,1,ERA5-Land root-zone persistence raw,raw,39,0.04652180184766109,0.05032154501113304,-0.08167661209500188,-1.247571065195344,0.5794400623721179,,,,not_distinguishable_from_climatology,True,"Same observed root-zone dry-fraction target, using previous observed month as a land-memory reference.",outputs/landsurface_cfsv2_rzsm_mediterranean_spain_lead1_allcycles_monthly_scores.csv
forecast_informed_landsurface_benchmark,landsurface_cfsv2_rzsm_mediterranean_spain_lead1_allcycles,Mediterranean Spain bounding box,ERA5-Land root-zone soil moisture dry fraction,1,ERA5-Land root-zone persistence selected,selected,39,0.04652180184766109,0.044225457075457296,0.04936061547494086,-0.9796459436936139,0.5865293131778855,,,,positive_uncertain,True,"Same observed root-zone dry-fraction target, using previous observed month as a land-memory reference.",outputs/landsurface_cfsv2_rzsm_mediterranean_spain_lead1_allcycles_monthly_scores.csv
forecast_informed_landsurface_benchmark,landsurface_cfsv2_rzsm_mediterranean_spain_lead1_allcycles,Mediterranean Spain bounding box,ERA5-Land root-zone soil moisture dry fraction,1,NCEI CFSv2 soil-moisture forecast 4-cycle mean anomaly_isotonic,anomaly_isotonic,39,0.04652180184766109,0.05306757176645235,-0.14070327585818454,-1.277519763350802,0.4403731366081332,,,,not_distinguishable_from_climatology,False,"NOAA NCEI THREDDS CFSv2 monthly-mean flxf soilw forecast mapped to ERA5-Land root-zone soil-moisture dry-fraction probability. Observed dry thresholds and climatology use the train period; calibration is validation-only. This is a forecast-informed land-surface benchmark, not a lag-only ML model; CFSv2 member aggregation=4-cycle mean.",outputs/landsurface_cfsv2_rzsm_mediterranean_spain_lead1_allcycles_monthly_scores.csv
forecast_informed_landsurface_benchmark,landsurface_cfsv2_rzsm_mediterranean_spain_lead1_allcycles,Mediterranean Spain bounding box,ERA5-Land root-zone soil moisture dry fraction,1,NCEI CFSv2 soil-moisture forecast 4-cycle mean raw_isotonic,raw_isotonic,39,0.04652180184766109,0.04467371787309752,0.039725115992180426,-0.5365181011756164,0.3930925118411507,,,,positive_uncertain,False,"NOAA NCEI THREDDS CFSv2 monthly-mean flxf soilw forecast mapped to ERA5-Land root-zone soil-moisture dry-fraction probability. Observed dry thresholds and climatology use the train period; calibration is validation-only. This is a forecast-informed land-surface benchmark, not a lag-only ML model; CFSv2 member aggregation=4-cycle mean.",outputs/landsurface_cfsv2_rzsm_mediterranean_spain_lead1_allcycles_monthly_scores.csv
forecast_informed_landsurface_benchmark,landsurface_cfsv2_rzsm_mediterranean_spain_lead1_allcycles,Mediterranean Spain bounding box,ERA5-Land root-zone soil moisture dry fraction,1,NCEI CFSv2 soil-moisture forecast 4-cycle mean selected,selected,39,0.04652180184766109,0.05306757176645235,-0.14070327585818454,-1.34357953542164,0.46833985560132757,,,,not_distinguishable_from_climatology,True,"NOAA NCEI THREDDS CFSv2 monthly-mean flxf soilw forecast mapped to ERA5-Land root-zone soil-moisture dry-fraction probability. Observed dry thresholds and climatology use the train period; calibration is validation-only. This is a forecast-informed land-surface benchmark, not a lag-only ML model; CFSv2 member aggregation=4-cycle mean.",outputs/landsurface_cfsv2_rzsm_mediterranean_spain_lead1_allcycles_monthly_scores.csv
forecast_informed_landsurface_benchmark,landsurface_cfsv2_rzsm_southern_great_plains_lead1_allcycles,Southern Great Plains,ERA5-Land root-zone soil moisture dry fraction,1,ERA5-Land root-zone persistence isotonic,isotonic,39,0.06944821284507209,0.022920200681142238,0.6699670194210244,0.48527114586481646,0.7750418149014838,,,,robust_positive,False,"Same observed root-zone dry-fraction target, using previous observed month as a land-memory reference.",outputs/landsurface_cfsv2_rzsm_southern_great_plains_lead1_allcycles_monthly_scores.csv
forecast_informed_landsurface_benchmark,landsurface_cfsv2_rzsm_southern_great_plains_lead1_allcycles,Southern Great Plains,ERA5-Land root-zone soil moisture dry fraction,1,ERA5-Land root-zone persistence raw,raw,39,0.06944821284507209,0.02119815411422893,0.6947631444236206,0.4141366253580789,0.8511912853587403,,,,robust_positive,True,"Same observed root-zone dry-fraction target, using previous observed month as a land-memory reference.",outputs/landsurface_cfsv2_rzsm_southern_great_plains_lead1_allcycles_monthly_scores.csv
forecast_informed_landsurface_benchmark,landsurface_cfsv2_rzsm_southern_great_plains_lead1_allcycles,Southern Great Plains,ERA5-Land root-zone soil moisture dry fraction,1,ERA5-Land root-zone persistence selected,selected,39,0.06944821284507209,0.022920200681142238,0.6699670194210244,0.481043213280324,0.7758993671454082,,,,robust_positive,True,"Same observed root-zone dry-fraction target, using previous observed month as a land-memory reference.",outputs/landsurface_cfsv2_rzsm_southern_great_plains_lead1_allcycles_monthly_scores.csv
forecast_informed_landsurface_benchmark,landsurface_cfsv2_rzsm_southern_great_plains_lead1_allcycles,Southern Great Plains,ERA5-Land root-zone soil moisture dry fraction,1,NCEI CFSv2 soil-moisture forecast 4-cycle mean anomaly_isotonic,anomaly_isotonic,39,0.06944821284507209,0.040747114573563385,0.41327338884207554,-0.007620973276581893,0.6337068498534565,,,,positive_uncertain,False,"NOAA NCEI THREDDS CFSv2 monthly-mean flxf soilw forecast mapped to ERA5-Land root-zone soil-moisture dry-fraction probability. Observed dry thresholds and climatology use the train period; calibration is validation-only. This is a forecast-informed land-surface benchmark, not a lag-only ML model; CFSv2 member aggregation=4-cycle mean.",outputs/landsurface_cfsv2_rzsm_southern_great_plains_lead1_allcycles_monthly_scores.csv
forecast_informed_landsurface_benchmark,landsurface_cfsv2_rzsm_southern_great_plains_lead1_allcycles,Southern Great Plains,ERA5-Land root-zone soil moisture dry fraction,1,NCEI CFSv2 soil-moisture forecast 4-cycle mean raw_isotonic,raw_isotonic,39,0.06944821284507209,0.05122951094130725,0.2623350718096643,0.03789698064960255,0.4320856449793799,,,,robust_positive,False,"NOAA NCEI THREDDS CFSv2 monthly-mean flxf soilw forecast mapped to ERA5-Land root-zone soil-moisture dry-fraction probability. Observed dry thresholds and climatology use the train period; calibration is validation-only. This is a forecast-informed land-surface benchmark, not a lag-only ML model; CFSv2 member aggregation=4-cycle mean.",outputs/landsurface_cfsv2_rzsm_southern_great_plains_lead1_allcycles_monthly_scores.csv
forecast_informed_landsurface_benchmark,landsurface_cfsv2_rzsm_southern_great_plains_lead1_allcycles,Southern Great Plains,ERA5-Land root-zone soil moisture dry fraction,1,NCEI CFSv2 soil-moisture forecast 4-cycle mean selected,selected,39,0.06944821284507209,0.040747114573563385,0.41327338884207554,-0.009549336237372018,0.6329543874925473,,,,positive_uncertain,True,"NOAA NCEI THREDDS CFSv2 monthly-mean flxf soilw forecast mapped to ERA5-Land root-zone soil-moisture dry-fraction probability. Observed dry thresholds and climatology use the train period; calibration is validation-only. This is a forecast-informed land-surface benchmark, not a lag-only ML model; CFSv2 member aggregation=4-cycle mean.",outputs/landsurface_cfsv2_rzsm_southern_great_plains_lead1_allcycles_monthly_scores.csv
multi_region_selected_checkpoint,multi_region_spi1_lead1,California Central Valley,SPI-1 dry fraction,1,spatial XGBoost,isotonic,63,0.0642783915033546,0.0659779185254207,-0.0264400988001913,-0.12448747003432,0.0470407181338282,0.6800733142691606,,,not_distinguishable_from_climatology,True,Region slug=cvalley; raw BSS=-0.196.,results/multiregion/multiregion_summary.csv
multi_region_selected_checkpoint,multi_region_spi1_lead1,California Central Valley,SPI-1 dry fraction,1,tabular XGBoost,isotonic,63,0.0642783915033546,0.0681640553289958,-0.0604505454284494,-0.2072471386127067,0.0242254670518961,0.6702245752456955,,,not_distinguishable_from_climatology,False,Region slug=cvalley; raw BSS=-0.218.,results/multiregion/multiregion_summary.csv
multi_region_selected_checkpoint,multi_region_spi1_lead1,California Central Valley (basin-mask sensitivity),SPI-1 dry fraction,1,spatial XGBoost,isotonic,63,0.0683066976439079,0.0698619926097578,-0.022769289388836,-0.149108507303362,0.0459529206966408,0.723249241191695,,,not_distinguishable_from_climatology,False,Region slug=cvalley_basin_masked; raw BSS=-0.045.,results/multiregion/multiregion_summary.csv
multi_region_selected_checkpoint,multi_region_spi1_lead1,California Central Valley (basin-mask sensitivity),SPI-1 dry fraction,1,tabular XGBoost,isotonic,63,0.0683066976439079,0.0697169833850878,-0.0206463756823946,-0.1285208541488486,0.0423252060601063,0.719930105427472,,,not_distinguishable_from_climatology,True,Region slug=cvalley_basin_masked; raw BSS=-0.022.,results/multiregion/multiregion_summary.csv
multi_region_selected_checkpoint,multi_region_spi1_lead1,Horn of Africa bounding box (country-mask sensitivity),SPI-1 dry fraction,1,spatial XGBoost,isotonic,63,0.0134345534864319,0.0138524854129814,-0.0311087321935619,-0.3024123316724255,0.3196699796106816,0.5772511763268253,,,not_distinguishable_from_climatology,True,Region slug=horn_of_africa_country_masked; raw BSS=-2.134.,results/multiregion/multiregion_summary.csv
multi_region_selected_checkpoint,multi_region_spi1_lead1,Horn of Africa bounding box (country-mask sensitivity),SPI-1 dry fraction,1,tabular XGBoost,isotonic,63,0.0134345534864319,0.0140527161125456,-0.0460128895789455,-0.3116599812459186,0.3125497326970867,0.5694025460013744,,,not_distinguishable_from_climatology,False,Region slug=horn_of_africa_country_masked; raw BSS=-2.554.,results/multiregion/multiregion_summary.csv
multi_region_selected_checkpoint,multi_region_spi1_lead1,Mediterranean Spain bounding box,SPI-1 dry fraction,1,spatial XGBoost,isotonic,63,0.0479774351080381,0.0469159689757779,0.0221242784210944,-0.1513906317630123,0.1764650444321788,0.5383253092024431,,,positive_uncertain,False,Region slug=mediterranean_spain; raw BSS=-0.529.,results/multiregion/multiregion_summary.csv
multi_region_selected_checkpoint,multi_region_spi1_lead1,Mediterranean Spain bounding box,SPI-1 dry fraction,1,tabular XGBoost,isotonic,63,0.0479774351080381,0.045865113019248,0.044027407551768,-0.1510430884140117,0.2409632775351689,0.5380477523521959,,,positive_uncertain,True,Region slug=mediterranean_spain; raw BSS=-0.531.,results/multiregion/multiregion_summary.csv
multi_region_selected_checkpoint,multi_region_spi1_lead1,Mediterranean Spain bounding box (basin-mask sensitivity),SPI-1 dry fraction,1,spatial XGBoost,isotonic,63,0.0436844649346493,0.0473796723833056,-0.0845885935465671,-0.2343410217289551,0.0340980808411184,0.5208518133238813,,,not_distinguishable_from_climatology,True,Region slug=mediterranean_spain_basin_masked; raw BSS=-0.484.,results/multiregion/multiregion_summary.csv
multi_region_selected_checkpoint,multi_region_spi1_lead1,Mediterranean Spain bounding box (basin-mask sensitivity),SPI-1 dry fraction,1,tabular XGBoost,isotonic,63,0.0436844649346493,0.0483397985913301,-0.106567258260918,-0.2780069121389265,0.0365658167178827,0.534541206465421,,,not_distinguishable_from_climatology,False,Region slug=mediterranean_spain_basin_masked; raw BSS=-0.426.,results/multiregion/multiregion_summary.csv
multi_region_selected_checkpoint,multi_region_spi1_lead1,Mediterranean Spain bounding box (country-mask sensitivity),SPI-1 dry fraction,1,spatial XGBoost,isotonic,63,0.0494367837890003,0.0482749579456556,0.0235012424817813,-0.1991037434426051,0.304857908720377,0.4800319781877001,,,positive_uncertain,True,Region slug=mediterranean_spain_country_masked; raw BSS=-0.606.,results/multiregion/multiregion_summary.csv
multi_region_selected_checkpoint,multi_region_spi1_lead1,Mediterranean Spain bounding box (country-mask sensitivity),SPI-1 dry fraction,1,tabular XGBoost,isotonic,63,0.0494367837890003,0.0485562426779307,0.0178114562393013,-0.2305514022870592,0.3000333313409598,0.4801536936978526,,,positive_uncertain,False,Region slug=mediterranean_spain_country_masked; raw BSS=-0.637.,results/multiregion/multiregion_summary.csv
multi_region_selected_checkpoint,multi_region_spi1_lead1,Murray-Darling Basin bounding box (basin-mask sensitivity),SPI-1 dry fraction,1,spatial XGBoost,platt,63,0.0282592148097357,0.047689263278459,-0.6875650508884437,-1.3792706556343253,-0.3009396734943719,0.6424297035644446,,,robust_negative,False,Region slug=murray_darling_basin_masked; raw BSS=-0.954.,results/multiregion/multiregion_summary.csv
multi_region_selected_checkpoint,multi_region_spi1_lead1,Murray-Darling Basin bounding box (basin-mask sensitivity),SPI-1 dry fraction,1,tabular XGBoost,platt,63,0.0282592148097357,0.0463297042634263,-0.6394547610524957,-1.308198580874294,-0.2784625144252496,0.6305661290201023,,,robust_negative,True,Region slug=murray_darling_basin_masked; raw BSS=-0.696.,results/multiregion/multiregion_summary.csv
multi_region_selected_checkpoint,multi_region_spi1_lead1,Southern Great Plains,SPI-1 dry fraction,1,spatial XGBoost,isotonic,63,0.0477214390856399,0.0516345981285478,-0.0820000217488283,-0.1479039892441277,-0.0018953031791721,0.5103296839014559,,,robust_negative,True,Region slug=southern_great_plains; raw BSS=-0.383.,results/multiregion/multiregion_summary.csv
multi_region_selected_checkpoint,multi_region_spi1_lead1,Southern Great Plains,SPI-1 dry fraction,1,tabular XGBoost,isotonic,63,0.0477214390856399,0.0516431867664616,-0.0821799961602964,-0.1444997832160732,-0.0006627151677277,0.5203674229642155,,,robust_negative,False,Region slug=southern_great_plains; raw BSS=-0.414.,results/multiregion/multiregion_summary.csv
multi_region_selected_checkpoint,multi_region_spi1_lead1,Southern Great Plains (basin-mask sensitivity),SPI-1 dry fraction,1,spatial XGBoost,isotonic,63,0.0560087373856951,0.0554415548090729,0.0101266802841194,-0.0977650760252542,0.1502212327158114,0.5670026762040379,,,positive_uncertain,True,Region slug=southern_great_plains_basin_masked; raw BSS=-0.159.,results/multiregion/multiregion_summary.csv
multi_region_selected_checkpoint,multi_region_spi1_lead1,Southern Great Plains (basin-mask sensitivity),SPI-1 dry fraction,1,tabular XGBoost,isotonic,63,0.0560087373856951,0.05856299510881,-0.0456046296049397,-0.1150072417531306,0.0342976259812602,0.5652023021755925,,,not_distinguishable_from_climatology,False,Region slug=southern_great_plains_basin_masked; raw BSS=-0.222.,results/multiregion/multiregion_summary.csv
operational_dynamical_benchmark,operational_spi1_lead1_nmme_anomaly,California Central Valley,SPI-1 dry fraction,1,CPC NMME anomaly forecast isotonic,isotonic,63,0.06427839150335463,0.06411919603078431,0.0024766561335314297,-0.4358406980685161,0.23897478000619435,,,,positive_uncertain,False,CPC NMME precipitation-anomaly forecast mapped to monthly dry-fraction probability. Uses validation-only calibration; source_model=CPC_NMME_ENSMEAN.,outputs/operational_precip_benchmark_monthly_scores.csv
operational_dynamical_benchmark,operational_spi1_lead1_nmme_anomaly,California Central Valley,SPI-1 dry fraction,1,CPC NMME anomaly forecast selected,selected,63,0.06427839150335463,0.06411919603078431,0.0024766561335314297,-0.4368457757696822,0.23496721125726686,,,,positive_uncertain,True,CPC NMME precipitation-anomaly forecast mapped to monthly dry-fraction probability. Uses validation-only calibration; source_model=CPC_NMME_ENSMEAN.,outputs/operational_precip_benchmark_monthly_scores.csv
operational_dynamical_benchmark,operational_spi1_lead1_nmme_probability,California Central Valley,SPI-1 dry fraction,1,CPC NMME probability forecast isotonic,isotonic,52,0.07725413415740696,0.06710286289153658,0.13140101014124306,-0.2923813493356469,0.3307504851149728,,,,positive_uncertain,False,Official CPC NMME below-normal precipitation probability mapped to monthly dry-fraction probability. Uses validation-only calibration; source_model=CPC_NMME_PROB_ADJ_MON.,outputs/operational_nmme_cpc_prob_spi1_lead1_monthly_scores.csv
operational_dynamical_benchmark,operational_spi1_lead1_nmme_probability,California Central Valley,SPI-1 dry fraction,1,CPC NMME probability forecast raw,raw,52,0.07725413415740696,0.09640857858037642,-0.24794070416920166,-1.153653054246026,0.08816725033741063,,,,not_distinguishable_from_climatology,True,Official CPC NMME below-normal precipitation probability mapped to monthly dry-fraction probability. Uses validation-only calibration; source_model=CPC_NMME_PROB_ADJ_MON.,outputs/operational_nmme_cpc_prob_spi1_lead1_monthly_scores.csv
operational_dynamical_benchmark,operational_spi1_lead1_nmme_probability,California Central Valley,SPI-1 dry fraction,1,CPC NMME probability forecast selected,selected,52,0.07725413415740696,0.06710286289153658,0.13140101014124306,-0.3144156584318137,0.3253745369683524,,,,positive_uncertain,True,Official CPC NMME below-normal precipitation probability mapped to monthly dry-fraction probability. Uses validation-only calibration; source_model=CPC_NMME_PROB_ADJ_MON.,outputs/operational_nmme_cpc_prob_spi1_lead1_monthly_scores.csv
operational_dynamical_benchmark,operational_spi3_lead3_ncei_cfsv2_anomaly,California Central Valley,SPI-3 dry fraction,3,NCEI CFSv2 precipitation forecast isotonic,isotonic,55,0.09297869115276171,0.12115542447626809,-0.3030450630587249,-1.1683643912913664,0.19219415393529324,,,,not_distinguishable_from_climatology,False,NOAA NCEI THREDDS CFSv2 individual-run precipitation accumulated over the target SPI window and mapped to monthly dry-fraction probability. Uses validation-only calibration; source_model=NCEI_NMME_CFSv2_PR_6h.,outputs/operational_ncei_cfsv2_spi3_lead3_monthly_scores.csv
operational_dynamical_benchmark,operational_spi3_lead3_ncei_cfsv2_anomaly,California Central Valley,SPI-3 dry fraction,3,NCEI CFSv2 precipitation forecast selected,selected,55,0.09297869115276171,0.12115542447626809,-0.3030450630587249,-1.2015768152659527,0.20004072785933782,,,,not_distinguishable_from_climatology,True,NOAA NCEI THREDDS CFSv2 individual-run precipitation accumulated over the target SPI window and mapped to monthly dry-fraction probability. Uses validation-only calibration; source_model=NCEI_NMME_CFSv2_PR_6h.,outputs/operational_ncei_cfsv2_spi3_lead3_monthly_scores.csv
operational_dynamical_benchmark,operational_spi3_lead3_ncei_cfsv2_rawamount,California Central Valley,SPI-3 dry fraction,3,NCEI CFSv2 precipitation forecast isotonic,isotonic,55,0.09297869115276171,0.09574150372560895,-0.029714470472680832,-0.16011611305703077,0.059357759584756344,,,,not_distinguishable_from_climatology,False,NOAA NCEI THREDDS CFSv2 individual-run precipitation accumulated over the target SPI window and mapped to monthly dry-fraction probability. Uses validation-only calibration; source_model=NCEI_NMME_CFSv2_PR_6h.,outputs/operational_ncei_cfsv2_spi3_lead3_rawamount_monthly_scores.csv
operational_dynamical_benchmark,operational_spi3_lead3_ncei_cfsv2_rawamount,California Central Valley,SPI-3 dry fraction,3,NCEI CFSv2 precipitation forecast selected,selected,55,0.09297869115276171,0.09574150372560895,-0.029714470472680832,-0.16641301264733988,0.058853007921826336,,,,not_distinguishable_from_climatology,True,NOAA NCEI THREDDS CFSv2 individual-run precipitation accumulated over the target SPI window and mapped to monthly dry-fraction probability. Uses validation-only calibration; source_model=NCEI_NMME_CFSv2_PR_6h.,outputs/operational_ncei_cfsv2_spi3_lead3_rawamount_monthly_scores.csv
operational_dynamical_benchmark,operational_spi3_lead3_nmme_anomaly,California Central Valley,SPI-3 dry fraction,3,CPC NMME anomaly forecast isotonic,isotonic,59,0.08764639097130043,0.08012611053309211,0.08580251114584758,-0.21975876558758234,0.2659435132818959,,,,positive_uncertain,False,CPC NMME precipitation-anomaly forecast mapped to monthly dry-fraction probability. Uses validation-only calibration; source_model=CPC_NMME_ENSMEAN.,outputs/operational_nmme_cpc_spi3_lead3_monthly_scores.csv
operational_dynamical_benchmark,operational_spi3_lead3_nmme_anomaly,California Central Valley,SPI-3 dry fraction,3,CPC NMME anomaly forecast selected,selected,59,0.08764639097130043,0.08012611053309211,0.08580251114584758,-0.273687050254292,0.26414670620745745,,,,positive_uncertain,True,CPC NMME precipitation-anomaly forecast mapped to monthly dry-fraction probability. Uses validation-only calibration; source_model=CPC_NMME_ENSMEAN.,outputs/operational_nmme_cpc_spi3_lead3_monthly_scores.csv
operational_dynamical_benchmark,operational_spi3_lead3_nmme_probability,California Central Valley,SPI-3 dry fraction,3,CPC NMME probability forecast isotonic,isotonic,51,0.09499702803131554,0.11510943263056339,-0.2117161454000207,-1.090529316499726,0.1771137994334269,,,,not_distinguishable_from_climatology,False,Official CPC NMME below-normal precipitation probability mapped to monthly dry-fraction probability. Uses validation-only calibration; source_model=CPC_NMME_PROB_ADJ_MON.,outputs/operational_nmme_cpc_prob_spi3_lead3_monthly_scores.csv
operational_dynamical_benchmark,operational_spi3_lead3_nmme_probability,California Central Valley,SPI-3 dry fraction,3,CPC NMME probability forecast raw,raw,51,0.09499702803131554,0.09434035723570418,0.00691254041542122,-0.5500473802535453,0.24646935825418997,,,,positive_uncertain,True,Official CPC NMME below-normal precipitation probability mapped to monthly dry-fraction probability. Uses validation-only calibration; source_model=CPC_NMME_PROB_ADJ_MON.,outputs/operational_nmme_cpc_prob_spi3_lead3_monthly_scores.csv
operational_dynamical_benchmark,operational_spi3_lead3_nmme_probability,California Central Valley,SPI-3 dry fraction,3,CPC NMME probability forecast selected,selected,51,0.09499702803131554,0.11510943263056339,-0.2117161454000207,-1.1019751607370796,0.1688146554057696,,,,not_distinguishable_from_climatology,True,Official CPC NMME below-normal precipitation probability mapped to monthly dry-fraction probability. Uses validation-only calibration; source_model=CPC_NMME_PROB_ADJ_MON.,outputs/operational_nmme_cpc_prob_spi3_lead3_monthly_scores.csv
operational_dynamical_benchmark,operational_spi6_lead6_nmme_anomaly,California Central Valley,SPI-6 dry fraction,6,CPC NMME anomaly forecast isotonic,isotonic,62,0.1269486677442054,0.17060974464660086,-0.3439270193080728,-1.1843071274485086,0.10805955416329449,,,,not_distinguishable_from_climatology,False,CPC NMME precipitation-anomaly forecast mapped to monthly dry-fraction probability. Uses validation-only calibration; source_model=CPC_NMME_ENSMEAN.,outputs/operational_nmme_cpc_spi6_lead6_monthly_scores.csv
operational_dynamical_benchmark,operational_spi6_lead6_nmme_anomaly,California Central Valley,SPI-6 dry fraction,6,CPC NMME anomaly forecast selected,selected,62,0.1269486677442054,0.17060974464660086,-0.3439270193080728,-1.1679215571221195,0.11278209378951812,,,,not_distinguishable_from_climatology,True,CPC NMME precipitation-anomaly forecast mapped to monthly dry-fraction probability. Uses validation-only calibration; source_model=CPC_NMME_ENSMEAN.,outputs/operational_nmme_cpc_spi6_lead6_monthly_scores.csv
operational_dynamical_benchmark,operational_spi6_lead6_nmme_probability,California Central Valley,SPI-6 dry fraction,6,CPC NMME probability forecast isotonic,isotonic,49,0.10418852310449889,0.14676329082894926,-0.4086320302452966,-1.660228434866115,0.1589342633438348,,,,not_distinguishable_from_climatology,False,Official CPC NMME below-normal precipitation probability mapped to monthly dry-fraction probability. Uses validation-only calibration; source_model=CPC_NMME_PROB_ADJ_MON.,outputs/operational_nmme_cpc_prob_spi6_lead6_monthly_scores.csv
operational_dynamical_benchmark,operational_spi6_lead6_nmme_probability,California Central Valley,SPI-6 dry fraction,6,CPC NMME probability forecast raw,raw,49,0.10418852310449889,0.10051030489406455,0.03530348737878897,-0.4442108138905876,0.26807806837004583,,,,positive_uncertain,True,Official CPC NMME below-normal precipitation probability mapped to monthly dry-fraction probability. Uses validation-only calibration; source_model=CPC_NMME_PROB_ADJ_MON.,outputs/operational_nmme_cpc_prob_spi6_lead6_monthly_scores.csv
operational_dynamical_benchmark,operational_spi6_lead6_nmme_probability,California Central Valley,SPI-6 dry fraction,6,CPC NMME probability forecast selected,selected,49,0.10418852310449889,0.14676329082894926,-0.4086320302452966,-1.7077168245395415,0.1677280405208525,,,,not_distinguishable_from_climatology,True,Official CPC NMME below-normal precipitation probability mapped to monthly dry-fraction probability. Uses validation-only calibration; source_model=CPC_NMME_PROB_ADJ_MON.,outputs/operational_nmme_cpc_prob_spi6_lead6_monthly_scores.csv
