target_time,forecast_prob_dry,forecast_pr_anom,forecast_pr,source_model,init_time,init_day_used,lead_months,target_spi,region,lat_min,lat_max,lon_min,lon_max,accum_start,accum_end_exclusive,n_runs,requested_run_hours,mean_steps_per_run,expected_steps_per_run,coverage_fraction,forecast_pr_member_std,source_url,units,notes,member_urls,forecast_pr_normal,forecast_anom_reference
2016-04-01,,12.013084411621094,347.77520751953125,NCEI_NMME_CFSv2_PR_6h,2016-01-31 18:00:00,2016-01-31,3,3,cvalley,35.4,40.6,-122.5,-119.0,2016-02-01,2016-05-01,1,18,360.0,360,1.0,0.0,https://www.ncei.noaa.gov/thredds/catalog/model-nmme_cfs_v2_pr_6h_agg/files/catalog.xml,mm accumulated over target SPI window,NCEI THREDDS CFSv2 individual-run precipitation; member mean over selected latest-available initialization cycles in the feature month.,https://www.ncei.noaa.gov/thredds/dodsC/model-nmme_cfs_v2_pr_6h_agg/files/2016/pr_6hour_cfsv2-2011.2016013118_2016013118-2016080100.nc,335.76212310791016,CFSv2 forecast monthly normal from 2017-2020
2016-05-01,,215.8013865152995,331.6536865234375,NCEI_NMME_CFSv2_PR_6h,2016-02-28 18:00:00,2016-02-28,3,3,cvalley,35.4,40.6,-122.5,-119.0,2016-03-01,2016-06-01,1,18,368.0,368,1.0,0.0,https://www.ncei.noaa.gov/thredds/catalog/model-nmme_cfs_v2_pr_6h_agg/files/catalog.xml,mm accumulated over target SPI window,NCEI THREDDS CFSv2 individual-run precipitation; member mean over selected latest-available initialization cycles in the feature month.,https://www.ncei.noaa.gov/thredds/dodsC/model-nmme_cfs_v2_pr_6h_agg/files/2016/pr_6hour_cfsv2-2011.2016022818_2016022818-2016090100.nc,115.85230000813802,CFSv2 forecast monthly normal from 2017-2020
2016-06-01,,-17.81654167175293,99.29635620117188,NCEI_NMME_CFSv2_PR_6h,2016-03-31 18:00:00,2016-03-31,3,3,cvalley,35.4,40.6,-122.5,-119.0,2016-04-01,2016-07-01,1,18,364.0,364,1.0,0.0,https://www.ncei.noaa.gov/thredds/catalog/model-nmme_cfs_v2_pr_6h_agg/files/catalog.xml,mm accumulated over target SPI window,NCEI THREDDS CFSv2 individual-run precipitation; member mean over selected latest-available initialization cycles in the feature month.,https://www.ncei.noaa.gov/thredds/dodsC/model-nmme_cfs_v2_pr_6h_agg/files/2016/pr_6hour_cfsv2-2011.2016033118_2016033118-2016100100.nc,117.1128978729248,CFSv2 forecast monthly normal from 2017-2020
2016-07-01,,74.12370109558105,116.2313232421875,NCEI_NMME_CFSv2_PR_6h,2016-04-30 18:00:00,2016-04-30,3,3,cvalley,35.4,40.6,-122.5,-119.0,2016-05-01,2016-08-01,1,18,368.0,368,1.0,0.0,https://www.ncei.noaa.gov/thredds/catalog/model-nmme_cfs_v2_pr_6h_agg/files/catalog.xml,mm accumulated over target SPI window,NCEI THREDDS CFSv2 individual-run precipitation; member mean over selected latest-available initialization cycles in the feature month.,https://www.ncei.noaa.gov/thredds/dodsC/model-nmme_cfs_v2_pr_6h_agg/files/2016/pr_6hour_cfsv2-2011.2016043018_2016043018-2016110100.nc,42.107622146606445,CFSv2 forecast monthly normal from 2017-2020
2016-08-01,,-14.935996691385906,10.143274307250977,NCEI_NMME_CFSv2_PR_6h,2016-05-31 18:00:00,2016-05-31,3,3,cvalley,35.4,40.6,-122.5,-119.0,2016-06-01,2016-09-01,1,18,368.0,368,1.0,0.0,https://www.ncei.noaa.gov/thredds/catalog/model-nmme_cfs_v2_pr_6h_agg/files/catalog.xml,mm accumulated over target SPI window,NCEI THREDDS CFSv2 individual-run precipitation; member mean over selected latest-available initialization cycles in the feature month.,https://www.ncei.noaa.gov/thredds/dodsC/model-nmme_cfs_v2_pr_6h_agg/files/2016/pr_6hour_cfsv2-2011.2016053118_2016053118-2016120100.nc,25.079270998636883,CFSv2 forecast monthly normal from 2017-2020
2016-09-01,,4.519481897354126,35.25233840942383,NCEI_NMME_CFSv2_PR_6h,2016-06-30 18:00:00,2016-06-30,3,3,cvalley,35.4,40.6,-122.5,-119.0,2016-07-01,2016-10-01,1,18,368.0,368,1.0,0.0,https://www.ncei.noaa.gov/thredds/catalog/model-nmme_cfs_v2_pr_6h_agg/files/catalog.xml,mm accumulated over target SPI window,NCEI THREDDS CFSv2 individual-run precipitation; member mean over selected latest-available initialization cycles in the feature month.,https://www.ncei.noaa.gov/thredds/dodsC/model-nmme_cfs_v2_pr_6h_agg/files/2016/pr_6hour_cfsv2-2011.2016063018_2016063018-2017010100.nc,30.732856512069702,CFSv2 forecast monthly normal from 2017-2020
2016-10-01,,-10.592408537864685,24.793540954589844,NCEI_NMME_CFSv2_PR_6h,2016-07-31 18:00:00,2016-07-31,3,3,cvalley,35.4,40.6,-122.5,-119.0,2016-08-01,2016-11-01,1,18,368.0,368,1.0,0.0,https://www.ncei.noaa.gov/thredds/catalog/model-nmme_cfs_v2_pr_6h_agg/files/catalog.xml,mm accumulated over target SPI window,NCEI THREDDS CFSv2 individual-run precipitation; member mean over selected latest-available initialization cycles in the feature month.,https://www.ncei.noaa.gov/thredds/dodsC/model-nmme_cfs_v2_pr_6h_agg/files/2016/pr_6hour_cfsv2-2011.2016073118_2016073118-2017020100.nc,35.38594949245453,CFSv2 forecast monthly normal from 2017-2020
2016-11-01,,-125.39875793457031,42.57561111450195,NCEI_NMME_CFSv2_PR_6h,2016-08-31 18:00:00,2016-08-31,3,3,cvalley,35.4,40.6,-122.5,-119.0,2016-09-01,2016-12-01,1,18,364.0,364,1.0,0.0,https://www.ncei.noaa.gov/thredds/catalog/model-nmme_cfs_v2_pr_6h_agg/files/catalog.xml,mm accumulated over target SPI window,NCEI THREDDS CFSv2 individual-run precipitation; member mean over selected latest-available initialization cycles in the feature month.,https://www.ncei.noaa.gov/thredds/dodsC/model-nmme_cfs_v2_pr_6h_agg/files/2016/pr_6hour_cfsv2-2011.2016083118_2016083118-2017030100.nc,167.97436904907227,CFSv2 forecast monthly normal from 2017-2020
2016-12-01,,96.07489776611328,323.231689453125,NCEI_NMME_CFSv2_PR_6h,2016-09-30 18:00:00,2016-09-30,3,3,cvalley,35.4,40.6,-122.5,-119.0,2016-10-01,2017-01-01,1,18,368.0,368,1.0,0.0,https://www.ncei.noaa.gov/thredds/catalog/model-nmme_cfs_v2_pr_6h_agg/files/catalog.xml,mm accumulated over target SPI window,NCEI THREDDS CFSv2 individual-run precipitation; member mean over selected latest-available initialization cycles in the feature month.,https://www.ncei.noaa.gov/thredds/dodsC/model-nmme_cfs_v2_pr_6h_agg/files/2016/pr_6hour_cfsv2-2011.2016093018_2016093018-2017040100.nc,227.15679168701172,CFSv2 forecast monthly normal from 2017-2020
2017-01-01,,-56.47549819946289,282.0784912109375,NCEI_NMME_CFSv2_PR_6h,2016-10-31 18:00:00,2016-10-31,3,3,cvalley,35.4,40.6,-122.5,-119.0,2016-11-01,2017-02-01,1,18,368.0,368,1.0,0.0,https://www.ncei.noaa.gov/thredds/catalog/model-nmme_cfs_v2_pr_6h_agg/files/catalog.xml,mm accumulated over target SPI window,NCEI THREDDS CFSv2 individual-run precipitation; member mean over selected latest-available initialization cycles in the feature month.,https://www.ncei.noaa.gov/thredds/dodsC/model-nmme_cfs_v2_pr_6h_agg/files/2016/pr_6hour_cfsv2-2011.2016103118_2016103118-2017050100.nc,338.5539894104004,CFSv2 forecast monthly normal from 2017-2020
2017-02-01,,-76.55830891927081,297.3742980957031,NCEI_NMME_CFSv2_PR_6h,2016-11-01 18:00:00,2016-11-01,3,3,cvalley,35.4,40.6,-122.5,-119.0,2016-12-01,2017-03-01,1,18,360.0,360,1.0,0.0,https://www.ncei.noaa.gov/thredds/catalog/model-nmme_cfs_v2_pr_6h_agg/files/catalog.xml,mm accumulated over target SPI window,NCEI THREDDS CFSv2 individual-run precipitation; member mean over selected latest-available initialization cycles in the feature month.,https://www.ncei.noaa.gov/thredds/dodsC/model-nmme_cfs_v2_pr_6h_agg/files/2016/pr_6hour_cfsv2-2011.2016110118_2016110118-2017050100.nc,373.93260701497394,CFSv2 forecast monthly normal from 2017-2020
2017-04-01,,38.695884704589844,374.4580078125,NCEI_NMME_CFSv2_PR_6h,2017-01-31 18:00:00,2017-01-31,3,3,cvalley,35.4,40.6,-122.5,-119.0,2017-02-01,2017-05-01,1,18,356.0,356,1.0,0.0,https://www.ncei.noaa.gov/thredds/catalog/model-nmme_cfs_v2_pr_6h_agg/files/catalog.xml,mm accumulated over target SPI window,NCEI THREDDS CFSv2 individual-run precipitation; member mean over selected latest-available initialization cycles in the feature month.,https://www.ncei.noaa.gov/thredds/dodsC/model-nmme_cfs_v2_pr_6h_agg/files/2017/pr_6hour_cfsv2-2011.2017013118_2017013118-2017070100.nc,335.76212310791016,CFSv2 forecast monthly normal from 2017-2020
2017-05-01,,11.611460367838546,127.46376037597656,NCEI_NMME_CFSv2_PR_6h,2017-02-28 18:00:00,2017-02-28,3,3,cvalley,35.4,40.6,-122.5,-119.0,2017-03-01,2017-06-01,1,18,368.0,368,1.0,0.0,https://www.ncei.noaa.gov/thredds/catalog/model-nmme_cfs_v2_pr_6h_agg/files/catalog.xml,mm accumulated over target SPI window,NCEI THREDDS CFSv2 individual-run precipitation; member mean over selected latest-available initialization cycles in the feature month.,https://www.ncei.noaa.gov/thredds/dodsC/model-nmme_cfs_v2_pr_6h_agg/files/2017/pr_6hour_cfsv2-2011.2017022818_2017022818-2017090100.nc,115.85230000813802,CFSv2 forecast monthly normal from 2017-2020
2017-06-01,,-42.44457817077637,74.66831970214844,NCEI_NMME_CFSv2_PR_6h,2017-03-31 18:00:00,2017-03-31,3,3,cvalley,35.4,40.6,-122.5,-119.0,2017-04-01,2017-07-01,1,18,364.0,364,1.0,0.0,https://www.ncei.noaa.gov/thredds/catalog/model-nmme_cfs_v2_pr_6h_agg/files/catalog.xml,mm accumulated over target SPI window,NCEI THREDDS CFSv2 individual-run precipitation; member mean over selected latest-available initialization cycles in the feature month.,https://www.ncei.noaa.gov/thredds/dodsC/model-nmme_cfs_v2_pr_6h_agg/files/2017/pr_6hour_cfsv2-2011.2017033118_2017033118-2017100100.nc,117.1128978729248,CFSv2 forecast monthly normal from 2017-2020
2017-07-01,,-18.113534927368164,23.99408721923828,NCEI_NMME_CFSv2_PR_6h,2017-04-30 18:00:00,2017-04-30,3,3,cvalley,35.4,40.6,-122.5,-119.0,2017-05-01,2017-08-01,1,18,368.0,368,1.0,0.0,https://www.ncei.noaa.gov/thredds/catalog/model-nmme_cfs_v2_pr_6h_agg/files/catalog.xml,mm accumulated over target SPI window,NCEI THREDDS CFSv2 individual-run precipitation; member mean over selected latest-available initialization cycles in the feature month.,https://www.ncei.noaa.gov/thredds/dodsC/model-nmme_cfs_v2_pr_6h_agg/files/2017/pr_6hour_cfsv2-2011.2017043018_2017043018-2017110100.nc,42.107622146606445,CFSv2 forecast monthly normal from 2017-2020
2017-08-01,,-7.152171770731609,17.927099227905273,NCEI_NMME_CFSv2_PR_6h,2017-05-31 18:00:00,2017-05-31,3,3,cvalley,35.4,40.6,-122.5,-119.0,2017-06-01,2017-09-01,1,18,368.0,368,1.0,0.0,https://www.ncei.noaa.gov/thredds/catalog/model-nmme_cfs_v2_pr_6h_agg/files/catalog.xml,mm accumulated over target SPI window,NCEI THREDDS CFSv2 individual-run precipitation; member mean over selected latest-available initialization cycles in the feature month.,https://www.ncei.noaa.gov/thredds/dodsC/model-nmme_cfs_v2_pr_6h_agg/files/2017/pr_6hour_cfsv2-2011.2017053118_2017053118-2017120100.nc,25.079270998636883,CFSv2 forecast monthly normal from 2017-2020
2017-09-01,,9.527023553848267,40.25988006591797,NCEI_NMME_CFSv2_PR_6h,2017-06-30 18:00:00,2017-06-30,3,3,cvalley,35.4,40.6,-122.5,-119.0,2017-07-01,2017-10-01,1,18,368.0,368,1.0,0.0,https://www.ncei.noaa.gov/thredds/catalog/model-nmme_cfs_v2_pr_6h_agg/files/catalog.xml,mm accumulated over target SPI window,NCEI THREDDS CFSv2 individual-run precipitation; member mean over selected latest-available initialization cycles in the feature month.,https://www.ncei.noaa.gov/thredds/dodsC/model-nmme_cfs_v2_pr_6h_agg/files/2017/pr_6hour_cfsv2-2011.2017063018_2017063018-2018010100.nc,30.732856512069702,CFSv2 forecast monthly normal from 2017-2020
2017-10-01,,-14.620631575584412,20.765317916870117,NCEI_NMME_CFSv2_PR_6h,2017-07-31 18:00:00,2017-07-31,3,3,cvalley,35.4,40.6,-122.5,-119.0,2017-08-01,2017-11-01,1,18,368.0,368,1.0,0.0,https://www.ncei.noaa.gov/thredds/catalog/model-nmme_cfs_v2_pr_6h_agg/files/catalog.xml,mm accumulated over target SPI window,NCEI THREDDS CFSv2 individual-run precipitation; member mean over selected latest-available initialization cycles in the feature month.,https://www.ncei.noaa.gov/thredds/dodsC/model-nmme_cfs_v2_pr_6h_agg/files/2017/pr_6hour_cfsv2-2011.2017073118_2017073118-2018020100.nc,35.38594949245453,CFSv2 forecast monthly normal from 2017-2020
2017-11-01,,-39.82059097290039,128.15377807617188,NCEI_NMME_CFSv2_PR_6h,2017-08-31 18:00:00,2017-08-31,3,3,cvalley,35.4,40.6,-122.5,-119.0,2017-09-01,2017-12-01,1,18,364.0,364,1.0,0.0,https://www.ncei.noaa.gov/thredds/catalog/model-nmme_cfs_v2_pr_6h_agg/files/catalog.xml,mm accumulated over target SPI window,NCEI THREDDS CFSv2 individual-run precipitation; member mean over selected latest-available initialization cycles in the feature month.,https://www.ncei.noaa.gov/thredds/dodsC/model-nmme_cfs_v2_pr_6h_agg/files/2017/pr_6hour_cfsv2-2011.2017083118_2017083118-2018030100.nc,167.97436904907227,CFSv2 forecast monthly normal from 2017-2020
2017-12-01,,71.05130767822266,298.2080993652344,NCEI_NMME_CFSv2_PR_6h,2017-09-30 18:00:00,2017-09-30,3,3,cvalley,35.4,40.6,-122.5,-119.0,2017-10-01,2018-01-01,1,18,368.0,368,1.0,0.0,https://www.ncei.noaa.gov/thredds/catalog/model-nmme_cfs_v2_pr_6h_agg/files/catalog.xml,mm accumulated over target SPI window,NCEI THREDDS CFSv2 individual-run precipitation; member mean over selected latest-available initialization cycles in the feature month.,https://www.ncei.noaa.gov/thredds/dodsC/model-nmme_cfs_v2_pr_6h_agg/files/2017/pr_6hour_cfsv2-2011.2017093018_2017093018-2018040100.nc,227.15679168701172,CFSv2 forecast monthly normal from 2017-2020
2018-01-01,,-125.44185256958008,213.1121368408203,NCEI_NMME_CFSv2_PR_6h,2017-10-01 18:00:00,2017-10-01,3,3,cvalley,35.4,40.6,-122.5,-119.0,2017-11-01,2018-02-01,1,18,368.0,368,1.0,0.0,https://www.ncei.noaa.gov/thredds/catalog/model-nmme_cfs_v2_pr_6h_agg/files/catalog.xml,mm accumulated over target SPI window,NCEI THREDDS CFSv2 individual-run precipitation; member mean over selected latest-available initialization cycles in the feature month.,https://www.ncei.noaa.gov/thredds/dodsC/model-nmme_cfs_v2_pr_6h_agg/files/2017/pr_6hour_cfsv2-2011.2017100118_2017100118-2018040100.nc,338.5539894104004,CFSv2 forecast monthly normal from 2017-2020
2018-03-01,,46.78167724609375,393.69390869140625,NCEI_NMME_CFSv2_PR_6h,2017-12-31 18:00:00,2017-12-31,3,3,cvalley,35.4,40.6,-122.5,-119.0,2018-01-01,2018-04-01,1,18,360.0,360,1.0,0.0,https://www.ncei.noaa.gov/thredds/catalog/model-nmme_cfs_v2_pr_6h_agg/files/catalog.xml,mm accumulated over target SPI window,NCEI THREDDS CFSv2 individual-run precipitation; member mean over selected latest-available initialization cycles in the feature month.,https://www.ncei.noaa.gov/thredds/dodsC/model-nmme_cfs_v2_pr_6h_agg/files/2017/pr_6hour_cfsv2-2011.2017123118_2017123118-2018070100.nc,346.9122314453125,CFSv2 forecast monthly normal from 2017-2020
2018-04-01,,32.709190368652344,368.4713134765625,NCEI_NMME_CFSv2_PR_6h,2018-01-01 18:00:00,2018-01-01,3,3,cvalley,35.4,40.6,-122.5,-119.0,2018-02-01,2018-05-01,1,18,356.0,356,1.0,0.0,https://www.ncei.noaa.gov/thredds/catalog/model-nmme_cfs_v2_pr_6h_agg/files/catalog.xml,mm accumulated over target SPI window,NCEI THREDDS CFSv2 individual-run precipitation; member mean over selected latest-available initialization cycles in the feature month.,https://www.ncei.noaa.gov/thredds/dodsC/model-nmme_cfs_v2_pr_6h_agg/files/2017/pr_6hour_cfsv2-2011.2018010118_2018010118-2018070100.nc,335.76212310791016,CFSv2 forecast monthly normal from 2017-2020
2018-06-01,,-60.05513572692871,57.057762145996094,NCEI_NMME_CFSv2_PR_6h,2018-03-31 18:00:00,2018-03-31,3,3,cvalley,35.4,40.6,-122.5,-119.0,2018-04-01,2018-07-01,1,18,364.0,364,1.0,0.0,https://www.ncei.noaa.gov/thredds/catalog/model-nmme_cfs_v2_pr_6h_agg/files/catalog.xml,mm accumulated over target SPI window,NCEI THREDDS CFSv2 individual-run precipitation; member mean over selected latest-available initialization cycles in the feature month.,https://www.ncei.noaa.gov/thredds/dodsC/model-nmme_cfs_v2_pr_6h_agg/files/2018/pr_6hour_cfsv2-2011.2018033118_2018033118-2018100100.nc,117.1128978729248,CFSv2 forecast monthly normal from 2017-2020
2018-07-01,,16.230844497680664,58.33846664428711,NCEI_NMME_CFSv2_PR_6h,2018-04-01 18:00:00,2018-04-01,3,3,cvalley,35.4,40.6,-122.5,-119.0,2018-05-01,2018-08-01,1,18,368.0,368,1.0,0.0,https://www.ncei.noaa.gov/thredds/catalog/model-nmme_cfs_v2_pr_6h_agg/files/catalog.xml,mm accumulated over target SPI window,NCEI THREDDS CFSv2 individual-run precipitation; member mean over selected latest-available initialization cycles in the feature month.,https://www.ncei.noaa.gov/thredds/dodsC/model-nmme_cfs_v2_pr_6h_agg/files/2018/pr_6hour_cfsv2-2011.2018040118_2018040118-2018100100.nc,42.107622146606445,CFSv2 forecast monthly normal from 2017-2020
2018-09-01,,8.199028253555298,38.931884765625,NCEI_NMME_CFSv2_PR_6h,2018-06-30 18:00:00,2018-06-30,3,3,cvalley,35.4,40.6,-122.5,-119.0,2018-07-01,2018-10-01,1,18,368.0,368,1.0,0.0,https://www.ncei.noaa.gov/thredds/catalog/model-nmme_cfs_v2_pr_6h_agg/files/catalog.xml,mm accumulated over target SPI window,NCEI THREDDS CFSv2 individual-run precipitation; member mean over selected latest-available initialization cycles in the feature month.,https://www.ncei.noaa.gov/thredds/dodsC/model-nmme_cfs_v2_pr_6h_agg/files/2018/pr_6hour_cfsv2-2011.2018063018_2018063018-2019010100.nc,30.732856512069702,CFSv2 forecast monthly normal from 2017-2020
2018-10-01,,-29.18213450908661,6.20381498336792,NCEI_NMME_CFSv2_PR_6h,2018-07-31 18:00:00,2018-07-31,3,3,cvalley,35.4,40.6,-122.5,-119.0,2018-08-01,2018-11-01,1,18,368.0,368,1.0,0.0,https://www.ncei.noaa.gov/thredds/catalog/model-nmme_cfs_v2_pr_6h_agg/files/catalog.xml,mm accumulated over target SPI window,NCEI THREDDS CFSv2 individual-run precipitation; member mean over selected latest-available initialization cycles in the feature month.,https://www.ncei.noaa.gov/thredds/dodsC/model-nmme_cfs_v2_pr_6h_agg/files/2018/pr_6hour_cfsv2-2011.2018073118_2018073118-2019020100.nc,35.38594949245453,CFSv2 forecast monthly normal from 2017-2020
2018-11-01,,32.527034759521484,200.50140380859375,NCEI_NMME_CFSv2_PR_6h,2018-08-31 18:00:00,2018-08-31,3,3,cvalley,35.4,40.6,-122.5,-119.0,2018-09-01,2018-12-01,1,18,364.0,364,1.0,0.0,https://www.ncei.noaa.gov/thredds/catalog/model-nmme_cfs_v2_pr_6h_agg/files/catalog.xml,mm accumulated over target SPI window,NCEI THREDDS CFSv2 individual-run precipitation; member mean over selected latest-available initialization cycles in the feature month.,https://www.ncei.noaa.gov/thredds/dodsC/model-nmme_cfs_v2_pr_6h_agg/files/2018/pr_6hour_cfsv2-2011.2018083118_2018083118-2019030100.nc,167.97436904907227,CFSv2 forecast monthly normal from 2017-2020
2018-12-01,,159.44721221923828,386.60400390625,NCEI_NMME_CFSv2_PR_6h,2018-09-30 18:00:00,2018-09-30,3,3,cvalley,35.4,40.6,-122.5,-119.0,2018-10-01,2019-01-01,1,18,368.0,368,1.0,0.0,https://www.ncei.noaa.gov/thredds/catalog/model-nmme_cfs_v2_pr_6h_agg/files/catalog.xml,mm accumulated over target SPI window,NCEI THREDDS CFSv2 individual-run precipitation; member mean over selected latest-available initialization cycles in the feature month.,https://www.ncei.noaa.gov/thredds/dodsC/model-nmme_cfs_v2_pr_6h_agg/files/2018/pr_6hour_cfsv2-2011.2018093018_2018093018-2019040100.nc,227.15679168701172,CFSv2 forecast monthly normal from 2017-2020
2019-01-01,,92.61242294311523,431.1664123535156,NCEI_NMME_CFSv2_PR_6h,2018-10-31 18:00:00,2018-10-31,3,3,cvalley,35.4,40.6,-122.5,-119.0,2018-11-01,2019-02-01,1,18,368.0,368,1.0,0.0,https://www.ncei.noaa.gov/thredds/catalog/model-nmme_cfs_v2_pr_6h_agg/files/catalog.xml,mm accumulated over target SPI window,NCEI THREDDS CFSv2 individual-run precipitation; member mean over selected latest-available initialization cycles in the feature month.,https://www.ncei.noaa.gov/thredds/dodsC/model-nmme_cfs_v2_pr_6h_agg/files/2018/pr_6hour_cfsv2-2011.2018103118_2018103118-2019050100.nc,338.5539894104004,CFSv2 forecast monthly normal from 2017-2020
2019-02-01,,62.80781046549481,436.74041748046875,NCEI_NMME_CFSv2_PR_6h,2018-11-30 18:00:00,2018-11-30,3,3,cvalley,35.4,40.6,-122.5,-119.0,2018-12-01,2019-03-01,1,18,360.0,360,1.0,0.0,https://www.ncei.noaa.gov/thredds/catalog/model-nmme_cfs_v2_pr_6h_agg/files/catalog.xml,mm accumulated over target SPI window,NCEI THREDDS CFSv2 individual-run precipitation; member mean over selected latest-available initialization cycles in the feature month.,https://www.ncei.noaa.gov/thredds/dodsC/model-nmme_cfs_v2_pr_6h_agg/files/2018/pr_6hour_cfsv2-2011.2018113018_2018113018-2019060100.nc,373.93260701497394,CFSv2 forecast monthly normal from 2017-2020
2019-03-01,,37.72723388671875,384.63946533203125,NCEI_NMME_CFSv2_PR_6h,2018-12-31 18:00:00,2018-12-31,3,3,cvalley,35.4,40.6,-122.5,-119.0,2019-01-01,2019-04-01,1,18,360.0,360,1.0,0.0,https://www.ncei.noaa.gov/thredds/catalog/model-nmme_cfs_v2_pr_6h_agg/files/catalog.xml,mm accumulated over target SPI window,NCEI THREDDS CFSv2 individual-run precipitation; member mean over selected latest-available initialization cycles in the feature month.,https://www.ncei.noaa.gov/thredds/dodsC/model-nmme_cfs_v2_pr_6h_agg/files/2018/pr_6hour_cfsv2-2011.2018123118_2018123118-2019070100.nc,346.9122314453125,CFSv2 forecast monthly normal from 2017-2020
2019-04-01,,-86.19315338134766,249.5689697265625,NCEI_NMME_CFSv2_PR_6h,2019-01-31 18:00:00,2019-01-31,3,3,cvalley,35.4,40.6,-122.5,-119.0,2019-02-01,2019-05-01,1,18,356.0,356,1.0,0.0,https://www.ncei.noaa.gov/thredds/catalog/model-nmme_cfs_v2_pr_6h_agg/files/catalog.xml,mm accumulated over target SPI window,NCEI THREDDS CFSv2 individual-run precipitation; member mean over selected latest-available initialization cycles in the feature month.,https://www.ncei.noaa.gov/thredds/dodsC/model-nmme_cfs_v2_pr_6h_agg/files/2019/pr_6hour_cfsv2-2011.2019013118_2019013118-2019080100.nc,335.76212310791016,CFSv2 forecast monthly normal from 2017-2020
2019-05-01,,-24.582890828450516,91.2694091796875,NCEI_NMME_CFSv2_PR_6h,2019-02-01 18:00:00,2019-02-01,3,3,cvalley,35.4,40.6,-122.5,-119.0,2019-03-01,2019-06-01,1,18,368.0,368,1.0,0.0,https://www.ncei.noaa.gov/thredds/catalog/model-nmme_cfs_v2_pr_6h_agg/files/catalog.xml,mm accumulated over target SPI window,NCEI THREDDS CFSv2 individual-run precipitation; member mean over selected latest-available initialization cycles in the feature month.,https://www.ncei.noaa.gov/thredds/dodsC/model-nmme_cfs_v2_pr_6h_agg/files/2019/pr_6hour_cfsv2-2011.2019020118_2019020118-2019080100.nc,115.85230000813802,CFSv2 forecast monthly normal from 2017-2020
2019-06-01,,26.108613967895508,143.2215118408203,NCEI_NMME_CFSv2_PR_6h,2019-03-31 18:00:00,2019-03-31,3,3,cvalley,35.4,40.6,-122.5,-119.0,2019-04-01,2019-07-01,1,18,364.0,364,1.0,0.0,https://www.ncei.noaa.gov/thredds/catalog/model-nmme_cfs_v2_pr_6h_agg/files/catalog.xml,mm accumulated over target SPI window,NCEI THREDDS CFSv2 individual-run precipitation; member mean over selected latest-available initialization cycles in the feature month.,https://www.ncei.noaa.gov/thredds/dodsC/model-nmme_cfs_v2_pr_6h_agg/files/2019/pr_6hour_cfsv2-2011.2019033118_2019033118-2019100100.nc,117.1128978729248,CFSv2 forecast monthly normal from 2017-2020
2019-07-01,,29.81123161315918,71.91885375976562,NCEI_NMME_CFSv2_PR_6h,2019-04-30 18:00:00,2019-04-30,3,3,cvalley,35.4,40.6,-122.5,-119.0,2019-05-01,2019-08-01,1,18,368.0,368,1.0,0.0,https://www.ncei.noaa.gov/thredds/catalog/model-nmme_cfs_v2_pr_6h_agg/files/catalog.xml,mm accumulated over target SPI window,NCEI THREDDS CFSv2 individual-run precipitation; member mean over selected latest-available initialization cycles in the feature month.,https://www.ncei.noaa.gov/thredds/dodsC/model-nmme_cfs_v2_pr_6h_agg/files/2019/pr_6hour_cfsv2-2011.2019043018_2019043018-2019110100.nc,42.107622146606445,CFSv2 forecast monthly normal from 2017-2020
2019-08-01,,24.474417050679524,49.553688049316406,NCEI_NMME_CFSv2_PR_6h,2019-05-31 18:00:00,2019-05-31,3,3,cvalley,35.4,40.6,-122.5,-119.0,2019-06-01,2019-09-01,1,18,368.0,368,1.0,0.0,https://www.ncei.noaa.gov/thredds/catalog/model-nmme_cfs_v2_pr_6h_agg/files/catalog.xml,mm accumulated over target SPI window,NCEI THREDDS CFSv2 individual-run precipitation; member mean over selected latest-available initialization cycles in the feature month.,https://www.ncei.noaa.gov/thredds/dodsC/model-nmme_cfs_v2_pr_6h_agg/files/2019/pr_6hour_cfsv2-2011.2019053118_2019053118-2019120100.nc,25.079270998636883,CFSv2 forecast monthly normal from 2017-2020
2019-09-01,,-20.504406690597534,10.228449821472168,NCEI_NMME_CFSv2_PR_6h,2019-06-30 18:00:00,2019-06-30,3,3,cvalley,35.4,40.6,-122.5,-119.0,2019-07-01,2019-10-01,1,18,368.0,368,1.0,0.0,https://www.ncei.noaa.gov/thredds/catalog/model-nmme_cfs_v2_pr_6h_agg/files/catalog.xml,mm accumulated over target SPI window,NCEI THREDDS CFSv2 individual-run precipitation; member mean over selected latest-available initialization cycles in the feature month.,https://www.ncei.noaa.gov/thredds/dodsC/model-nmme_cfs_v2_pr_6h_agg/files/2019/pr_6hour_cfsv2-2011.2019063018_2019063018-2020010100.nc,30.732856512069702,CFSv2 forecast monthly normal from 2017-2020
2019-10-01,,59.72836935520172,95.11431884765625,NCEI_NMME_CFSv2_PR_6h,2019-07-31 18:00:00,2019-07-31,3,3,cvalley,35.4,40.6,-122.5,-119.0,2019-08-01,2019-11-01,1,18,368.0,368,1.0,0.0,https://www.ncei.noaa.gov/thredds/catalog/model-nmme_cfs_v2_pr_6h_agg/files/catalog.xml,mm accumulated over target SPI window,NCEI THREDDS CFSv2 individual-run precipitation; member mean over selected latest-available initialization cycles in the feature month.,https://www.ncei.noaa.gov/thredds/dodsC/model-nmme_cfs_v2_pr_6h_agg/files/2019/pr_6hour_cfsv2-2011.2019073118_2019073118-2020020100.nc,35.38594949245453,CFSv2 forecast monthly normal from 2017-2020
2019-11-01,,-37.59083938598633,130.38352966308594,NCEI_NMME_CFSv2_PR_6h,2019-08-31 18:00:00,2019-08-31,3,3,cvalley,35.4,40.6,-122.5,-119.0,2019-09-01,2019-12-01,1,18,364.0,364,1.0,0.0,https://www.ncei.noaa.gov/thredds/catalog/model-nmme_cfs_v2_pr_6h_agg/files/catalog.xml,mm accumulated over target SPI window,NCEI THREDDS CFSv2 individual-run precipitation; member mean over selected latest-available initialization cycles in the feature month.,https://www.ncei.noaa.gov/thredds/dodsC/model-nmme_cfs_v2_pr_6h_agg/files/2019/pr_6hour_cfsv2-2011.2019083118_2019083118-2020030100.nc,167.97436904907227,CFSv2 forecast monthly normal from 2017-2020
2019-12-01,,-76.46073150634766,150.69606018066406,NCEI_NMME_CFSv2_PR_6h,2019-09-30 18:00:00,2019-09-30,3,3,cvalley,35.4,40.6,-122.5,-119.0,2019-10-01,2020-01-01,1,18,368.0,368,1.0,0.0,https://www.ncei.noaa.gov/thredds/catalog/model-nmme_cfs_v2_pr_6h_agg/files/catalog.xml,mm accumulated over target SPI window,NCEI THREDDS CFSv2 individual-run precipitation; member mean over selected latest-available initialization cycles in the feature month.,https://www.ncei.noaa.gov/thredds/dodsC/model-nmme_cfs_v2_pr_6h_agg/files/2019/pr_6hour_cfsv2-2011.2019093018_2019093018-2020040100.nc,227.15679168701172,CFSv2 forecast monthly normal from 2017-2020
2020-01-01,,89.30492782592773,427.8589172363281,NCEI_NMME_CFSv2_PR_6h,2019-10-31 18:00:00,2019-10-31,3,3,cvalley,35.4,40.6,-122.5,-119.0,2019-11-01,2020-02-01,1,18,368.0,368,1.0,0.0,https://www.ncei.noaa.gov/thredds/catalog/model-nmme_cfs_v2_pr_6h_agg/files/catalog.xml,mm accumulated over target SPI window,NCEI THREDDS CFSv2 individual-run precipitation; member mean over selected latest-available initialization cycles in the feature month.,https://www.ncei.noaa.gov/thredds/dodsC/model-nmme_cfs_v2_pr_6h_agg/files/2019/pr_6hour_cfsv2-2011.2019103118_2019103118-2020050100.nc,338.5539894104004,CFSv2 forecast monthly normal from 2017-2020
2020-02-01,,13.75049845377606,387.68310546875,NCEI_NMME_CFSv2_PR_6h,2019-11-30 18:00:00,2019-11-30,3,3,cvalley,35.4,40.6,-122.5,-119.0,2019-12-01,2020-03-01,1,18,364.0,364,1.0,0.0,https://www.ncei.noaa.gov/thredds/catalog/model-nmme_cfs_v2_pr_6h_agg/files/catalog.xml,mm accumulated over target SPI window,NCEI THREDDS CFSv2 individual-run precipitation; member mean over selected latest-available initialization cycles in the feature month.,https://www.ncei.noaa.gov/thredds/dodsC/model-nmme_cfs_v2_pr_6h_agg/files/2019/pr_6hour_cfsv2-2011.2019113018_2019113018-2020060100.nc,373.93260701497394,CFSv2 forecast monthly normal from 2017-2020
2020-03-01,,-84.5089111328125,262.4033203125,NCEI_NMME_CFSv2_PR_6h,2019-12-31 18:00:00,2019-12-31,3,3,cvalley,35.4,40.6,-122.5,-119.0,2020-01-01,2020-04-01,1,18,364.0,364,1.0,0.0,https://www.ncei.noaa.gov/thredds/catalog/model-nmme_cfs_v2_pr_6h_agg/files/catalog.xml,mm accumulated over target SPI window,NCEI THREDDS CFSv2 individual-run precipitation; member mean over selected latest-available initialization cycles in the feature month.,https://www.ncei.noaa.gov/thredds/dodsC/model-nmme_cfs_v2_pr_6h_agg/files/2019/pr_6hour_cfsv2-2011.2019123118_2019123118-2020070100.nc,346.9122314453125,CFSv2 forecast monthly normal from 2017-2020
2020-04-01,,14.788078308105469,350.5502014160156,NCEI_NMME_CFSv2_PR_6h,2020-01-31 18:00:00,2020-01-31,3,3,cvalley,35.4,40.6,-122.5,-119.0,2020-02-01,2020-05-01,1,18,360.0,360,1.0,0.0,https://www.ncei.noaa.gov/thredds/catalog/model-nmme_cfs_v2_pr_6h_agg/files/catalog.xml,mm accumulated over target SPI window,NCEI THREDDS CFSv2 individual-run precipitation; member mean over selected latest-available initialization cycles in the feature month.,https://www.ncei.noaa.gov/thredds/dodsC/model-nmme_cfs_v2_pr_6h_agg/files/2020/pr_6hour_cfsv2-2011.2020013118_2020013118-2020080100.nc,335.76212310791016,CFSv2 forecast monthly normal from 2017-2020
2020-05-01,,12.971430460611984,128.82373046875,NCEI_NMME_CFSv2_PR_6h,2020-02-29 18:00:00,2020-02-29,3,3,cvalley,35.4,40.6,-122.5,-119.0,2020-03-01,2020-06-01,1,18,368.0,368,1.0,0.0,https://www.ncei.noaa.gov/thredds/catalog/model-nmme_cfs_v2_pr_6h_agg/files/catalog.xml,mm accumulated over target SPI window,NCEI THREDDS CFSv2 individual-run precipitation; member mean over selected latest-available initialization cycles in the feature month.,https://www.ncei.noaa.gov/thredds/dodsC/model-nmme_cfs_v2_pr_6h_agg/files/2020/pr_6hour_cfsv2-2011.2020022918_2020022918-2020090100.nc,115.85230000813802,CFSv2 forecast monthly normal from 2017-2020
2020-06-01,,76.39109992980957,193.50399780273438,NCEI_NMME_CFSv2_PR_6h,2020-03-31 18:00:00,2020-03-31,3,3,cvalley,35.4,40.6,-122.5,-119.0,2020-04-01,2020-07-01,1,18,364.0,364,1.0,0.0,https://www.ncei.noaa.gov/thredds/catalog/model-nmme_cfs_v2_pr_6h_agg/files/catalog.xml,mm accumulated over target SPI window,NCEI THREDDS CFSv2 individual-run precipitation; member mean over selected latest-available initialization cycles in the feature month.,https://www.ncei.noaa.gov/thredds/dodsC/model-nmme_cfs_v2_pr_6h_agg/files/2020/pr_6hour_cfsv2-2011.2020033118_2020033118-2020100100.nc,117.1128978729248,CFSv2 forecast monthly normal from 2017-2020
2020-07-01,,-27.92854118347168,14.179080963134766,NCEI_NMME_CFSv2_PR_6h,2020-04-30 18:00:00,2020-04-30,3,3,cvalley,35.4,40.6,-122.5,-119.0,2020-05-01,2020-08-01,1,18,368.0,368,1.0,0.0,https://www.ncei.noaa.gov/thredds/catalog/model-nmme_cfs_v2_pr_6h_agg/files/catalog.xml,mm accumulated over target SPI window,NCEI THREDDS CFSv2 individual-run precipitation; member mean over selected latest-available initialization cycles in the feature month.,https://www.ncei.noaa.gov/thredds/dodsC/model-nmme_cfs_v2_pr_6h_agg/files/2020/pr_6hour_cfsv2-2011.2020043018_2020043018-2020110100.nc,42.107622146606445,CFSv2 forecast monthly normal from 2017-2020
2020-08-01,,-17.322245279947918,7.757025718688965,NCEI_NMME_CFSv2_PR_6h,2020-05-23 18:00:00,2020-05-23,3,3,cvalley,35.4,40.6,-122.5,-119.0,2020-06-01,2020-09-01,1,18,368.0,368,1.0,0.0,https://www.ncei.noaa.gov/thredds/catalog/model-nmme_cfs_v2_pr_6h_agg/files/catalog.xml,mm accumulated over target SPI window,NCEI THREDDS CFSv2 individual-run precipitation; member mean over selected latest-available initialization cycles in the feature month.,https://www.ncei.noaa.gov/thredds/dodsC/model-nmme_cfs_v2_pr_6h_agg/files/2020/pr_6hour_cfsv2-2011.2020052318_2020052318-2020120100.nc,25.079270998636883,CFSv2 forecast monthly normal from 2017-2020
2020-09-01,,2.7783548831939697,33.51121139526367,NCEI_NMME_CFSv2_PR_6h,2020-06-30 18:00:00,2020-06-30,3,3,cvalley,35.4,40.6,-122.5,-119.0,2020-07-01,2020-10-01,1,18,368.0,368,1.0,0.0,https://www.ncei.noaa.gov/thredds/catalog/model-nmme_cfs_v2_pr_6h_agg/files/catalog.xml,mm accumulated over target SPI window,NCEI THREDDS CFSv2 individual-run precipitation; member mean over selected latest-available initialization cycles in the feature month.,https://www.ncei.noaa.gov/thredds/dodsC/model-nmme_cfs_v2_pr_6h_agg/files/2020/pr_6hour_cfsv2-2011.2020063018_2020063018-2021010100.nc,30.732856512069702,CFSv2 forecast monthly normal from 2017-2020
2020-10-01,,-15.9256032705307,19.460346221923828,NCEI_NMME_CFSv2_PR_6h,2020-07-31 18:00:00,2020-07-31,3,3,cvalley,35.4,40.6,-122.5,-119.0,2020-08-01,2020-11-01,1,18,368.0,368,1.0,0.0,https://www.ncei.noaa.gov/thredds/catalog/model-nmme_cfs_v2_pr_6h_agg/files/catalog.xml,mm accumulated over target SPI window,NCEI THREDDS CFSv2 individual-run precipitation; member mean over selected latest-available initialization cycles in the feature month.,https://www.ncei.noaa.gov/thredds/dodsC/model-nmme_cfs_v2_pr_6h_agg/files/2020/pr_6hour_cfsv2-2011.2020073118_2020073118-2021020100.nc,35.38594949245453,CFSv2 forecast monthly normal from 2017-2020
2020-11-01,,44.884395599365234,212.8587646484375,NCEI_NMME_CFSv2_PR_6h,2020-08-01 18:00:00,2020-08-01,3,3,cvalley,35.4,40.6,-122.5,-119.0,2020-09-01,2020-12-01,1,18,364.0,364,1.0,0.0,https://www.ncei.noaa.gov/thredds/catalog/model-nmme_cfs_v2_pr_6h_agg/files/catalog.xml,mm accumulated over target SPI window,NCEI THREDDS CFSv2 individual-run precipitation; member mean over selected latest-available initialization cycles in the feature month.,https://www.ncei.noaa.gov/thredds/dodsC/model-nmme_cfs_v2_pr_6h_agg/files/2020/pr_6hour_cfsv2-2011.2020080118_2020080118-2021020100.nc,167.97436904907227,CFSv2 forecast monthly normal from 2017-2020
2020-12-01,,-154.03778839111328,73.11900329589844,NCEI_NMME_CFSv2_PR_6h,2020-09-30 18:00:00,2020-09-30,3,3,cvalley,35.4,40.6,-122.5,-119.0,2020-10-01,2021-01-01,1,18,368.0,368,1.0,0.0,https://www.ncei.noaa.gov/thredds/catalog/model-nmme_cfs_v2_pr_6h_agg/files/catalog.xml,mm accumulated over target SPI window,NCEI THREDDS CFSv2 individual-run precipitation; member mean over selected latest-available initialization cycles in the feature month.,https://www.ncei.noaa.gov/thredds/dodsC/model-nmme_cfs_v2_pr_6h_agg/files/2020/pr_6hour_cfsv2-2011.2020093018_2020093018-2021040100.nc,227.15679168701172,CFSv2 forecast monthly normal from 2017-2020
2021-01-01,,-87.96435928344727,250.58963012695312,NCEI_NMME_CFSv2_PR_6h,2020-10-31 18:00:00,2020-10-31,3,3,cvalley,35.4,40.6,-122.5,-119.0,2020-11-01,2021-02-01,1,18,368.0,368,1.0,0.0,https://www.ncei.noaa.gov/thredds/catalog/model-nmme_cfs_v2_pr_6h_agg/files/catalog.xml,mm accumulated over target SPI window,NCEI THREDDS CFSv2 individual-run precipitation; member mean over selected latest-available initialization cycles in the feature month.,https://www.ncei.noaa.gov/thredds/dodsC/model-nmme_cfs_v2_pr_6h_agg/files/2020/pr_6hour_cfsv2-2011.2020103118_2020103118-2021050100.nc,338.5539894104004,CFSv2 forecast monthly normal from 2017-2020
2021-02-01,,-166.91255696614581,207.02005004882812,NCEI_NMME_CFSv2_PR_6h,2020-11-30 18:00:00,2020-11-30,3,3,cvalley,35.4,40.6,-122.5,-119.0,2020-12-01,2021-03-01,1,18,360.0,360,1.0,0.0,https://www.ncei.noaa.gov/thredds/catalog/model-nmme_cfs_v2_pr_6h_agg/files/catalog.xml,mm accumulated over target SPI window,NCEI THREDDS CFSv2 individual-run precipitation; member mean over selected latest-available initialization cycles in the feature month.,https://www.ncei.noaa.gov/thredds/dodsC/model-nmme_cfs_v2_pr_6h_agg/files/2020/pr_6hour_cfsv2-2011.2020113018_2020113018-2021060100.nc,373.93260701497394,CFSv2 forecast monthly normal from 2017-2020
2021-03-01,,-59.32391357421875,287.58831787109375,NCEI_NMME_CFSv2_PR_6h,2020-12-31 18:00:00,2020-12-31,3,3,cvalley,35.4,40.6,-122.5,-119.0,2021-01-01,2021-04-01,1,18,360.0,360,1.0,0.0,https://www.ncei.noaa.gov/thredds/catalog/model-nmme_cfs_v2_pr_6h_agg/files/catalog.xml,mm accumulated over target SPI window,NCEI THREDDS CFSv2 individual-run precipitation; member mean over selected latest-available initialization cycles in the feature month.,https://www.ncei.noaa.gov/thredds/dodsC/model-nmme_cfs_v2_pr_6h_agg/files/2020/pr_6hour_cfsv2-2011.2020123118_2020123118-2021070100.nc,346.9122314453125,CFSv2 forecast monthly normal from 2017-2020
2021-04-01,,-161.1008529663086,174.66127014160156,NCEI_NMME_CFSv2_PR_6h,2021-01-31 18:00:00,2021-01-31,3,3,cvalley,35.4,40.6,-122.5,-119.0,2021-02-01,2021-05-01,1,18,356.0,356,1.0,0.0,https://www.ncei.noaa.gov/thredds/catalog/model-nmme_cfs_v2_pr_6h_agg/files/catalog.xml,mm accumulated over target SPI window,NCEI THREDDS CFSv2 individual-run precipitation; member mean over selected latest-available initialization cycles in the feature month.,https://www.ncei.noaa.gov/thredds/dodsC/model-nmme_cfs_v2_pr_6h_agg/files/2021/pr_6hour_cfsv2-2011.2021013118_2021013118-2021080100.nc,335.76212310791016,CFSv2 forecast monthly normal from 2017-2020
2021-05-01,,4.597147623697921,120.44944763183594,NCEI_NMME_CFSv2_PR_6h,2021-02-28 18:00:00,2021-02-28,3,3,cvalley,35.4,40.6,-122.5,-119.0,2021-03-01,2021-06-01,1,18,368.0,368,1.0,0.0,https://www.ncei.noaa.gov/thredds/catalog/model-nmme_cfs_v2_pr_6h_agg/files/catalog.xml,mm accumulated over target SPI window,NCEI THREDDS CFSv2 individual-run precipitation; member mean over selected latest-available initialization cycles in the feature month.,https://www.ncei.noaa.gov/thredds/dodsC/model-nmme_cfs_v2_pr_6h_agg/files/2021/pr_6hour_cfsv2-2011.2021022818_2021022818-2021090100.nc,115.85230000813802,CFSv2 forecast monthly normal from 2017-2020
2021-06-01,,-96.02964401245117,21.083253860473633,NCEI_NMME_CFSv2_PR_6h,2021-03-31 18:00:00,2021-03-31,3,3,cvalley,35.4,40.6,-122.5,-119.0,2021-04-01,2021-07-01,1,18,364.0,364,1.0,0.0,https://www.ncei.noaa.gov/thredds/catalog/model-nmme_cfs_v2_pr_6h_agg/files/catalog.xml,mm accumulated over target SPI window,NCEI THREDDS CFSv2 individual-run precipitation; member mean over selected latest-available initialization cycles in the feature month.,https://www.ncei.noaa.gov/thredds/dodsC/model-nmme_cfs_v2_pr_6h_agg/files/2021/pr_6hour_cfsv2-2011.2021033118_2021033118-2021100100.nc,117.1128978729248,CFSv2 forecast monthly normal from 2017-2020
2021-07-01,,-19.131404876708984,22.97621726989746,NCEI_NMME_CFSv2_PR_6h,2021-04-30 18:00:00,2021-04-30,3,3,cvalley,35.4,40.6,-122.5,-119.0,2021-05-01,2021-08-01,1,18,368.0,368,1.0,0.0,https://www.ncei.noaa.gov/thredds/catalog/model-nmme_cfs_v2_pr_6h_agg/files/catalog.xml,mm accumulated over target SPI window,NCEI THREDDS CFSv2 individual-run precipitation; member mean over selected latest-available initialization cycles in the feature month.,https://www.ncei.noaa.gov/thredds/dodsC/model-nmme_cfs_v2_pr_6h_agg/files/2021/pr_6hour_cfsv2-2011.2021043018_2021043018-2021110100.nc,42.107622146606445,CFSv2 forecast monthly normal from 2017-2020
2021-08-01,,-11.756506601969402,13.32276439666748,NCEI_NMME_CFSv2_PR_6h,2021-05-31 18:00:00,2021-05-31,3,3,cvalley,35.4,40.6,-122.5,-119.0,2021-06-01,2021-09-01,1,18,368.0,368,1.0,0.0,https://www.ncei.noaa.gov/thredds/catalog/model-nmme_cfs_v2_pr_6h_agg/files/catalog.xml,mm accumulated over target SPI window,NCEI THREDDS CFSv2 individual-run precipitation; member mean over selected latest-available initialization cycles in the feature month.,https://www.ncei.noaa.gov/thredds/dodsC/model-nmme_cfs_v2_pr_6h_agg/files/2021/pr_6hour_cfsv2-2011.2021053118_2021053118-2021120100.nc,25.079270998636883,CFSv2 forecast monthly normal from 2017-2020
2021-09-01,,-0.40935492515563965,30.323501586914062,NCEI_NMME_CFSv2_PR_6h,2021-06-30 18:00:00,2021-06-30,3,3,cvalley,35.4,40.6,-122.5,-119.0,2021-07-01,2021-10-01,1,18,368.0,368,1.0,0.0,https://www.ncei.noaa.gov/thredds/catalog/model-nmme_cfs_v2_pr_6h_agg/files/catalog.xml,mm accumulated over target SPI window,NCEI THREDDS CFSv2 individual-run precipitation; member mean over selected latest-available initialization cycles in the feature month.,https://www.ncei.noaa.gov/thredds/dodsC/model-nmme_cfs_v2_pr_6h_agg/files/2021/pr_6hour_cfsv2-2011.2021063018_2021063018-2022010100.nc,30.732856512069702,CFSv2 forecast monthly normal from 2017-2020
2021-10-01,,49.94460165500641,85.33055114746094,NCEI_NMME_CFSv2_PR_6h,2021-07-31 18:00:00,2021-07-31,3,3,cvalley,35.4,40.6,-122.5,-119.0,2021-08-01,2021-11-01,1,18,368.0,368,1.0,0.0,https://www.ncei.noaa.gov/thredds/catalog/model-nmme_cfs_v2_pr_6h_agg/files/catalog.xml,mm accumulated over target SPI window,NCEI THREDDS CFSv2 individual-run precipitation; member mean over selected latest-available initialization cycles in the feature month.,https://www.ncei.noaa.gov/thredds/dodsC/model-nmme_cfs_v2_pr_6h_agg/files/2021/pr_6hour_cfsv2-2011.2021073118_2021073118-2022020100.nc,35.38594949245453,CFSv2 forecast monthly normal from 2017-2020
2021-11-01,,-67.4643440246582,100.51002502441406,NCEI_NMME_CFSv2_PR_6h,2021-08-31 18:00:00,2021-08-31,3,3,cvalley,35.4,40.6,-122.5,-119.0,2021-09-01,2021-12-01,1,18,364.0,364,1.0,0.0,https://www.ncei.noaa.gov/thredds/catalog/model-nmme_cfs_v2_pr_6h_agg/files/catalog.xml,mm accumulated over target SPI window,NCEI THREDDS CFSv2 individual-run precipitation; member mean over selected latest-available initialization cycles in the feature month.,https://www.ncei.noaa.gov/thredds/dodsC/model-nmme_cfs_v2_pr_6h_agg/files/2021/pr_6hour_cfsv2-2011.2021083118_2021083118-2022030100.nc,167.97436904907227,CFSv2 forecast monthly normal from 2017-2020
2021-12-01,,113.22327423095703,340.38006591796875,NCEI_NMME_CFSv2_PR_6h,2021-09-30 18:00:00,2021-09-30,3,3,cvalley,35.4,40.6,-122.5,-119.0,2021-10-01,2022-01-01,1,18,368.0,368,1.0,0.0,https://www.ncei.noaa.gov/thredds/catalog/model-nmme_cfs_v2_pr_6h_agg/files/catalog.xml,mm accumulated over target SPI window,NCEI THREDDS CFSv2 individual-run precipitation; member mean over selected latest-available initialization cycles in the feature month.,https://www.ncei.noaa.gov/thredds/dodsC/model-nmme_cfs_v2_pr_6h_agg/files/2021/pr_6hour_cfsv2-2011.2021093018_2021093018-2022040100.nc,227.15679168701172,CFSv2 forecast monthly normal from 2017-2020
2022-01-01,,-248.2129020690918,90.3410873413086,NCEI_NMME_CFSv2_PR_6h,2021-10-31 18:00:00,2021-10-31,3,3,cvalley,35.4,40.6,-122.5,-119.0,2021-11-01,2022-02-01,1,18,368.0,368,1.0,0.0,https://www.ncei.noaa.gov/thredds/catalog/model-nmme_cfs_v2_pr_6h_agg/files/catalog.xml,mm accumulated over target SPI window,NCEI THREDDS CFSv2 individual-run precipitation; member mean over selected latest-available initialization cycles in the feature month.,https://www.ncei.noaa.gov/thredds/dodsC/model-nmme_cfs_v2_pr_6h_agg/files/2021/pr_6hour_cfsv2-2011.2021103118_2021103118-2022050100.nc,338.5539894104004,CFSv2 forecast monthly normal from 2017-2020
2022-02-01,,111.97626749674481,485.90887451171875,NCEI_NMME_CFSv2_PR_6h,2021-11-30 18:00:00,2021-11-30,3,3,cvalley,35.4,40.6,-122.5,-119.0,2021-12-01,2022-03-01,1,18,360.0,360,1.0,0.0,https://www.ncei.noaa.gov/thredds/catalog/model-nmme_cfs_v2_pr_6h_agg/files/catalog.xml,mm accumulated over target SPI window,NCEI THREDDS CFSv2 individual-run precipitation; member mean over selected latest-available initialization cycles in the feature month.,https://www.ncei.noaa.gov/thredds/dodsC/model-nmme_cfs_v2_pr_6h_agg/files/2021/pr_6hour_cfsv2-2011.2021113018_2021113018-2022060100.nc,373.93260701497394,CFSv2 forecast monthly normal from 2017-2020
2022-03-01,,-84.671142578125,262.2410888671875,NCEI_NMME_CFSv2_PR_6h,2021-12-31 18:00:00,2021-12-31,3,3,cvalley,35.4,40.6,-122.5,-119.0,2022-01-01,2022-04-01,1,18,360.0,360,1.0,0.0,https://www.ncei.noaa.gov/thredds/catalog/model-nmme_cfs_v2_pr_6h_agg/files/catalog.xml,mm accumulated over target SPI window,NCEI THREDDS CFSv2 individual-run precipitation; member mean over selected latest-available initialization cycles in the feature month.,https://www.ncei.noaa.gov/thredds/dodsC/model-nmme_cfs_v2_pr_6h_agg/files/2021/pr_6hour_cfsv2-2011.2021123118_2021123118-2022070100.nc,346.9122314453125,CFSv2 forecast monthly normal from 2017-2020
2022-04-01,,-111.4078140258789,224.35430908203125,NCEI_NMME_CFSv2_PR_6h,2022-01-31 18:00:00,2022-01-31,3,3,cvalley,35.4,40.6,-122.5,-119.0,2022-02-01,2022-05-01,1,18,356.0,356,1.0,0.0,https://www.ncei.noaa.gov/thredds/catalog/model-nmme_cfs_v2_pr_6h_agg/files/catalog.xml,mm accumulated over target SPI window,NCEI THREDDS CFSv2 individual-run precipitation; member mean over selected latest-available initialization cycles in the feature month.,https://www.ncei.noaa.gov/thredds/dodsC/model-nmme_cfs_v2_pr_6h_agg/files/2022/pr_6hour_cfsv2-2011.2022013118_2022013118-2022080100.nc,335.76212310791016,CFSv2 forecast monthly normal from 2017-2020
2022-05-01,,15.991877237955734,131.84417724609375,NCEI_NMME_CFSv2_PR_6h,2022-02-28 18:00:00,2022-02-28,3,3,cvalley,35.4,40.6,-122.5,-119.0,2022-03-01,2022-06-01,1,18,368.0,368,1.0,0.0,https://www.ncei.noaa.gov/thredds/catalog/model-nmme_cfs_v2_pr_6h_agg/files/catalog.xml,mm accumulated over target SPI window,NCEI THREDDS CFSv2 individual-run precipitation; member mean over selected latest-available initialization cycles in the feature month.,https://www.ncei.noaa.gov/thredds/dodsC/model-nmme_cfs_v2_pr_6h_agg/files/2022/pr_6hour_cfsv2-2011.2022022818_2022022818-2022090100.nc,115.85230000813802,CFSv2 forecast monthly normal from 2017-2020
2022-06-01,,-36.014326095581055,81.09857177734375,NCEI_NMME_CFSv2_PR_6h,2022-03-31 18:00:00,2022-03-31,3,3,cvalley,35.4,40.6,-122.5,-119.0,2022-04-01,2022-07-01,1,18,364.0,364,1.0,0.0,https://www.ncei.noaa.gov/thredds/catalog/model-nmme_cfs_v2_pr_6h_agg/files/catalog.xml,mm accumulated over target SPI window,NCEI THREDDS CFSv2 individual-run precipitation; member mean over selected latest-available initialization cycles in the feature month.,https://www.ncei.noaa.gov/thredds/dodsC/model-nmme_cfs_v2_pr_6h_agg/files/2022/pr_6hour_cfsv2-2011.2022033118_2022033118-2022100100.nc,117.1128978729248,CFSv2 forecast monthly normal from 2017-2020
2022-07-01,,-23.984933853149414,18.12268829345703,NCEI_NMME_CFSv2_PR_6h,2022-04-30 18:00:00,2022-04-30,3,3,cvalley,35.4,40.6,-122.5,-119.0,2022-05-01,2022-08-01,1,18,368.0,368,1.0,0.0,https://www.ncei.noaa.gov/thredds/catalog/model-nmme_cfs_v2_pr_6h_agg/files/catalog.xml,mm accumulated over target SPI window,NCEI THREDDS CFSv2 individual-run precipitation; member mean over selected latest-available initialization cycles in the feature month.,https://www.ncei.noaa.gov/thredds/dodsC/model-nmme_cfs_v2_pr_6h_agg/files/2022/pr_6hour_cfsv2-2011.2022043018_2022043018-2022110100.nc,42.107622146606445,CFSv2 forecast monthly normal from 2017-2020
2022-08-01,,-13.731279055277508,11.347991943359375,NCEI_NMME_CFSv2_PR_6h,2022-05-31 18:00:00,2022-05-31,3,3,cvalley,35.4,40.6,-122.5,-119.0,2022-06-01,2022-09-01,1,18,368.0,368,1.0,0.0,https://www.ncei.noaa.gov/thredds/catalog/model-nmme_cfs_v2_pr_6h_agg/files/catalog.xml,mm accumulated over target SPI window,NCEI THREDDS CFSv2 individual-run precipitation; member mean over selected latest-available initialization cycles in the feature month.,https://www.ncei.noaa.gov/thredds/dodsC/model-nmme_cfs_v2_pr_6h_agg/files/2022/pr_6hour_cfsv2-2011.2022053118_2022053118-2022120100.nc,25.079270998636883,CFSv2 forecast monthly normal from 2017-2020
2022-09-01,,-12.114930868148804,18.6179256439209,NCEI_NMME_CFSv2_PR_6h,2022-06-30 18:00:00,2022-06-30,3,3,cvalley,35.4,40.6,-122.5,-119.0,2022-07-01,2022-10-01,1,18,368.0,368,1.0,0.0,https://www.ncei.noaa.gov/thredds/catalog/model-nmme_cfs_v2_pr_6h_agg/files/catalog.xml,mm accumulated over target SPI window,NCEI THREDDS CFSv2 individual-run precipitation; member mean over selected latest-available initialization cycles in the feature month.,https://www.ncei.noaa.gov/thredds/dodsC/model-nmme_cfs_v2_pr_6h_agg/files/2022/pr_6hour_cfsv2-2011.2022063018_2022063018-2023010100.nc,30.732856512069702,CFSv2 forecast monthly normal from 2017-2020
2022-10-01,,-6.952679991722107,28.433269500732422,NCEI_NMME_CFSv2_PR_6h,2022-07-31 18:00:00,2022-07-31,3,3,cvalley,35.4,40.6,-122.5,-119.0,2022-08-01,2022-11-01,1,18,368.0,368,1.0,0.0,https://www.ncei.noaa.gov/thredds/catalog/model-nmme_cfs_v2_pr_6h_agg/files/catalog.xml,mm accumulated over target SPI window,NCEI THREDDS CFSv2 individual-run precipitation; member mean over selected latest-available initialization cycles in the feature month.,https://www.ncei.noaa.gov/thredds/dodsC/model-nmme_cfs_v2_pr_6h_agg/files/2022/pr_6hour_cfsv2-2011.2022073118_2022073118-2023020100.nc,35.38594949245453,CFSv2 forecast monthly normal from 2017-2020
2022-11-01,,12.232723236083984,180.20709228515625,NCEI_NMME_CFSv2_PR_6h,2022-08-31 18:00:00,2022-08-31,3,3,cvalley,35.4,40.6,-122.5,-119.0,2022-09-01,2022-12-01,1,18,364.0,364,1.0,0.0,https://www.ncei.noaa.gov/thredds/catalog/model-nmme_cfs_v2_pr_6h_agg/files/catalog.xml,mm accumulated over target SPI window,NCEI THREDDS CFSv2 individual-run precipitation; member mean over selected latest-available initialization cycles in the feature month.,https://www.ncei.noaa.gov/thredds/dodsC/model-nmme_cfs_v2_pr_6h_agg/files/2022/pr_6hour_cfsv2-2011.2022083118_2022083118-2023030100.nc,167.97436904907227,CFSv2 forecast monthly normal from 2017-2020
2022-12-01,,11.989997863769531,239.14678955078125,NCEI_NMME_CFSv2_PR_6h,2022-09-30 18:00:00,2022-09-30,3,3,cvalley,35.4,40.6,-122.5,-119.0,2022-10-01,2023-01-01,1,18,368.0,368,1.0,0.0,https://www.ncei.noaa.gov/thredds/catalog/model-nmme_cfs_v2_pr_6h_agg/files/catalog.xml,mm accumulated over target SPI window,NCEI THREDDS CFSv2 individual-run precipitation; member mean over selected latest-available initialization cycles in the feature month.,https://www.ncei.noaa.gov/thredds/dodsC/model-nmme_cfs_v2_pr_6h_agg/files/2022/pr_6hour_cfsv2-2011.2022093018_2022093018-2023040100.nc,227.15679168701172,CFSv2 forecast monthly normal from 2017-2020
2023-01-01,,23.53750228881836,362.09149169921875,NCEI_NMME_CFSv2_PR_6h,2022-10-31 18:00:00,2022-10-31,3,3,cvalley,35.4,40.6,-122.5,-119.0,2022-11-01,2023-02-01,1,18,368.0,368,1.0,0.0,https://www.ncei.noaa.gov/thredds/catalog/model-nmme_cfs_v2_pr_6h_agg/files/catalog.xml,mm accumulated over target SPI window,NCEI THREDDS CFSv2 individual-run precipitation; member mean over selected latest-available initialization cycles in the feature month.,https://www.ncei.noaa.gov/thredds/dodsC/model-nmme_cfs_v2_pr_6h_agg/files/2022/pr_6hour_cfsv2-2011.2022103118_2022103118-2023050100.nc,338.5539894104004,CFSv2 forecast monthly normal from 2017-2020
2023-02-01,,360.3640848795573,734.2966918945312,NCEI_NMME_CFSv2_PR_6h,2022-11-01 18:00:00,2022-11-01,3,3,cvalley,35.4,40.6,-122.5,-119.0,2022-12-01,2023-03-01,1,18,360.0,360,1.0,0.0,https://www.ncei.noaa.gov/thredds/catalog/model-nmme_cfs_v2_pr_6h_agg/files/catalog.xml,mm accumulated over target SPI window,NCEI THREDDS CFSv2 individual-run precipitation; member mean over selected latest-available initialization cycles in the feature month.,https://www.ncei.noaa.gov/thredds/dodsC/model-nmme_cfs_v2_pr_6h_agg/files/2022/pr_6hour_cfsv2-2011.2022110118_2022110118-2023050100.nc,373.93260701497394,CFSv2 forecast monthly normal from 2017-2020
2023-03-01,,238.13720703125,585.0494384765625,NCEI_NMME_CFSv2_PR_6h,2022-12-31 18:00:00,2022-12-31,3,3,cvalley,35.4,40.6,-122.5,-119.0,2023-01-01,2023-04-01,1,18,360.0,360,1.0,0.0,https://www.ncei.noaa.gov/thredds/catalog/model-nmme_cfs_v2_pr_6h_agg/files/catalog.xml,mm accumulated over target SPI window,NCEI THREDDS CFSv2 individual-run precipitation; member mean over selected latest-available initialization cycles in the feature month.,https://www.ncei.noaa.gov/thredds/dodsC/model-nmme_cfs_v2_pr_6h_agg/files/2022/pr_6hour_cfsv2-2011.2022123118_2022123118-2023070100.nc,346.9122314453125,CFSv2 forecast monthly normal from 2017-2020
2023-04-01,,-193.1972885131836,142.56483459472656,NCEI_NMME_CFSv2_PR_6h,2023-01-31 18:00:00,2023-01-31,3,3,cvalley,35.4,40.6,-122.5,-119.0,2023-02-01,2023-05-01,1,18,356.0,356,1.0,0.0,https://www.ncei.noaa.gov/thredds/catalog/model-nmme_cfs_v2_pr_6h_agg/files/catalog.xml,mm accumulated over target SPI window,NCEI THREDDS CFSv2 individual-run precipitation; member mean over selected latest-available initialization cycles in the feature month.,https://www.ncei.noaa.gov/thredds/dodsC/model-nmme_cfs_v2_pr_6h_agg/files/2023/pr_6hour_cfsv2-2011.2023013118_2023013118-2023080100.nc,335.76212310791016,CFSv2 forecast monthly normal from 2017-2020
2023-05-01,,3.447107950846359,119.29940795898438,NCEI_NMME_CFSv2_PR_6h,2023-02-01 18:00:00,2023-02-01,3,3,cvalley,35.4,40.6,-122.5,-119.0,2023-03-01,2023-06-01,1,18,368.0,368,1.0,0.0,https://www.ncei.noaa.gov/thredds/catalog/model-nmme_cfs_v2_pr_6h_agg/files/catalog.xml,mm accumulated over target SPI window,NCEI THREDDS CFSv2 individual-run precipitation; member mean over selected latest-available initialization cycles in the feature month.,https://www.ncei.noaa.gov/thredds/dodsC/model-nmme_cfs_v2_pr_6h_agg/files/2023/pr_6hour_cfsv2-2011.2023020118_2023020118-2023080100.nc,115.85230000813802,CFSv2 forecast monthly normal from 2017-2020
2023-06-01,,43.751482009887695,160.8643798828125,NCEI_NMME_CFSv2_PR_6h,2023-03-31 18:00:00,2023-03-31,3,3,cvalley,35.4,40.6,-122.5,-119.0,2023-04-01,2023-07-01,1,18,364.0,364,1.0,0.0,https://www.ncei.noaa.gov/thredds/catalog/model-nmme_cfs_v2_pr_6h_agg/files/catalog.xml,mm accumulated over target SPI window,NCEI THREDDS CFSv2 individual-run precipitation; member mean over selected latest-available initialization cycles in the feature month.,https://www.ncei.noaa.gov/thredds/dodsC/model-nmme_cfs_v2_pr_6h_agg/files/2023/pr_6hour_cfsv2-2011.2023033118_2023033118-2023100100.nc,117.1128978729248,CFSv2 forecast monthly normal from 2017-2020
2023-07-01,,-7.727075576782227,34.38054656982422,NCEI_NMME_CFSv2_PR_6h,2023-04-30 18:00:00,2023-04-30,3,3,cvalley,35.4,40.6,-122.5,-119.0,2023-05-01,2023-08-01,1,18,368.0,368,1.0,0.0,https://www.ncei.noaa.gov/thredds/catalog/model-nmme_cfs_v2_pr_6h_agg/files/catalog.xml,mm accumulated over target SPI window,NCEI THREDDS CFSv2 individual-run precipitation; member mean over selected latest-available initialization cycles in the feature month.,https://www.ncei.noaa.gov/thredds/dodsC/model-nmme_cfs_v2_pr_6h_agg/files/2023/pr_6hour_cfsv2-2011.2023043018_2023043018-2023110100.nc,42.107622146606445,CFSv2 forecast monthly normal from 2017-2020
2023-08-01,,14.543310483296711,39.622581481933594,NCEI_NMME_CFSv2_PR_6h,2023-05-31 18:00:00,2023-05-31,3,3,cvalley,35.4,40.6,-122.5,-119.0,2023-06-01,2023-09-01,1,18,368.0,368,1.0,0.0,https://www.ncei.noaa.gov/thredds/catalog/model-nmme_cfs_v2_pr_6h_agg/files/catalog.xml,mm accumulated over target SPI window,NCEI THREDDS CFSv2 individual-run precipitation; member mean over selected latest-available initialization cycles in the feature month.,https://www.ncei.noaa.gov/thredds/dodsC/model-nmme_cfs_v2_pr_6h_agg/files/2023/pr_6hour_cfsv2-2011.2023053118_2023053118-2023120100.nc,25.079270998636883,CFSv2 forecast monthly normal from 2017-2020
2023-09-01,,38.68615746498108,69.41901397705078,NCEI_NMME_CFSv2_PR_6h,2023-06-01 18:00:00,2023-06-01,3,3,cvalley,35.4,40.6,-122.5,-119.0,2023-07-01,2023-10-01,1,18,368.0,368,1.0,0.0,https://www.ncei.noaa.gov/thredds/catalog/model-nmme_cfs_v2_pr_6h_agg/files/catalog.xml,mm accumulated over target SPI window,NCEI THREDDS CFSv2 individual-run precipitation; member mean over selected latest-available initialization cycles in the feature month.,https://www.ncei.noaa.gov/thredds/dodsC/model-nmme_cfs_v2_pr_6h_agg/files/2023/pr_6hour_cfsv2-2011.2023060118_2023060118-2023120100.nc,30.732856512069702,CFSv2 forecast monthly normal from 2017-2020
2023-11-01,,54.02151107788086,221.99588012695312,NCEI_NMME_CFSv2_PR_6h,2023-08-31 18:00:00,2023-08-31,3,3,cvalley,35.4,40.6,-122.5,-119.0,2023-09-01,2023-12-01,1,18,364.0,364,1.0,0.0,https://www.ncei.noaa.gov/thredds/catalog/model-nmme_cfs_v2_pr_6h_agg/files/catalog.xml,mm accumulated over target SPI window,NCEI THREDDS CFSv2 individual-run precipitation; member mean over selected latest-available initialization cycles in the feature month.,https://www.ncei.noaa.gov/thredds/dodsC/model-nmme_cfs_v2_pr_6h_agg/files/2023/pr_6hour_cfsv2-2011.2023083118_2023083118-2024030100.nc,167.97436904907227,CFSv2 forecast monthly normal from 2017-2020
2023-12-01,,-57.00922393798828,170.14756774902344,NCEI_NMME_CFSv2_PR_6h,2023-09-30 18:00:00,2023-09-30,3,3,cvalley,35.4,40.6,-122.5,-119.0,2023-10-01,2024-01-01,1,18,368.0,368,1.0,0.0,https://www.ncei.noaa.gov/thredds/catalog/model-nmme_cfs_v2_pr_6h_agg/files/catalog.xml,mm accumulated over target SPI window,NCEI THREDDS CFSv2 individual-run precipitation; member mean over selected latest-available initialization cycles in the feature month.,https://www.ncei.noaa.gov/thredds/dodsC/model-nmme_cfs_v2_pr_6h_agg/files/2023/pr_6hour_cfsv2-2011.2023093018_2023093018-2024040100.nc,227.15679168701172,CFSv2 forecast monthly normal from 2017-2020
2024-01-01,,100.90237045288086,439.45635986328125,NCEI_NMME_CFSv2_PR_6h,2023-10-31 18:00:00,2023-10-31,3,3,cvalley,35.4,40.6,-122.5,-119.0,2023-11-01,2024-02-01,1,18,368.0,368,1.0,0.0,https://www.ncei.noaa.gov/thredds/catalog/model-nmme_cfs_v2_pr_6h_agg/files/catalog.xml,mm accumulated over target SPI window,NCEI THREDDS CFSv2 individual-run precipitation; member mean over selected latest-available initialization cycles in the feature month.,https://www.ncei.noaa.gov/thredds/dodsC/model-nmme_cfs_v2_pr_6h_agg/files/2023/pr_6hour_cfsv2-2011.2023103118_2023103118-2024050100.nc,338.5539894104004,CFSv2 forecast monthly normal from 2017-2020
2024-02-01,,-7.920613606770814,366.0119934082031,NCEI_NMME_CFSv2_PR_6h,2023-11-30 18:00:00,2023-11-30,3,3,cvalley,35.4,40.6,-122.5,-119.0,2023-12-01,2024-03-01,1,18,364.0,364,1.0,0.0,https://www.ncei.noaa.gov/thredds/catalog/model-nmme_cfs_v2_pr_6h_agg/files/catalog.xml,mm accumulated over target SPI window,NCEI THREDDS CFSv2 individual-run precipitation; member mean over selected latest-available initialization cycles in the feature month.,https://www.ncei.noaa.gov/thredds/dodsC/model-nmme_cfs_v2_pr_6h_agg/files/2023/pr_6hour_cfsv2-2011.2023113018_2023113018-2024060100.nc,373.93260701497394,CFSv2 forecast monthly normal from 2017-2020
2024-03-01,,-230.30409240722656,116.60813903808594,NCEI_NMME_CFSv2_PR_6h,2023-12-31 18:00:00,2023-12-31,3,3,cvalley,35.4,40.6,-122.5,-119.0,2024-01-01,2024-04-01,1,18,364.0,364,1.0,0.0,https://www.ncei.noaa.gov/thredds/catalog/model-nmme_cfs_v2_pr_6h_agg/files/catalog.xml,mm accumulated over target SPI window,NCEI THREDDS CFSv2 individual-run precipitation; member mean over selected latest-available initialization cycles in the feature month.,https://www.ncei.noaa.gov/thredds/dodsC/model-nmme_cfs_v2_pr_6h_agg/files/2023/pr_6hour_cfsv2-2011.2023123118_2023123118-2024070100.nc,346.9122314453125,CFSv2 forecast monthly normal from 2017-2020
2024-04-01,,-227.42056274414062,108.34156036376953,NCEI_NMME_CFSv2_PR_6h,2024-01-31 18:00:00,2024-01-31,3,3,cvalley,35.4,40.6,-122.5,-119.0,2024-02-01,2024-05-01,1,18,360.0,360,1.0,0.0,https://www.ncei.noaa.gov/thredds/catalog/model-nmme_cfs_v2_pr_6h_agg/files/catalog.xml,mm accumulated over target SPI window,NCEI THREDDS CFSv2 individual-run precipitation; member mean over selected latest-available initialization cycles in the feature month.,https://www.ncei.noaa.gov/thredds/dodsC/model-nmme_cfs_v2_pr_6h_agg/files/2024/pr_6hour_cfsv2-2011.2024013118_2024013118-2024080100.nc,335.76212310791016,CFSv2 forecast monthly normal from 2017-2020
2024-05-01,,-115.85230000813802,0.0,NCEI_NMME_CFSv2_PR_6h,2024-02-28 18:00:00,2024-02-28,3,3,cvalley,35.4,40.6,-122.5,-119.0,2024-03-01,2024-06-01,1,18,368.0,368,1.0,0.0,https://www.ncei.noaa.gov/thredds/catalog/model-nmme_cfs_v2_pr_6h_agg/files/catalog.xml,mm accumulated over target SPI window,NCEI THREDDS CFSv2 individual-run precipitation; member mean over selected latest-available initialization cycles in the feature month.,https://www.ncei.noaa.gov/thredds/dodsC/model-nmme_cfs_v2_pr_6h_agg/files/2024/pr_6hour_cfsv2-2011.2024022818_2024022818-2024090100.nc,115.85230000813802,CFSv2 forecast monthly normal from 2017-2020
2024-06-01,,-27.768735885620117,89.34416198730469,NCEI_NMME_CFSv2_PR_6h,2024-03-31 18:00:00,2024-03-31,3,3,cvalley,35.4,40.6,-122.5,-119.0,2024-04-01,2024-07-01,1,18,364.0,364,1.0,0.0,https://www.ncei.noaa.gov/thredds/catalog/model-nmme_cfs_v2_pr_6h_agg/files/catalog.xml,mm accumulated over target SPI window,NCEI THREDDS CFSv2 individual-run precipitation; member mean over selected latest-available initialization cycles in the feature month.,https://www.ncei.noaa.gov/thredds/dodsC/model-nmme_cfs_v2_pr_6h_agg/files/2024/pr_6hour_cfsv2-2011.2024033118_2024033118-2024100100.nc,117.1128978729248,CFSv2 forecast monthly normal from 2017-2020
2024-07-01,,-20.93752098083496,21.170101165771484,NCEI_NMME_CFSv2_PR_6h,2024-04-30 18:00:00,2024-04-30,3,3,cvalley,35.4,40.6,-122.5,-119.0,2024-05-01,2024-08-01,1,18,368.0,368,1.0,0.0,https://www.ncei.noaa.gov/thredds/catalog/model-nmme_cfs_v2_pr_6h_agg/files/catalog.xml,mm accumulated over target SPI window,NCEI THREDDS CFSv2 individual-run precipitation; member mean over selected latest-available initialization cycles in the feature month.,https://www.ncei.noaa.gov/thredds/dodsC/model-nmme_cfs_v2_pr_6h_agg/files/2024/pr_6hour_cfsv2-2011.2024043018_2024043018-2024110100.nc,42.107622146606445,CFSv2 forecast monthly normal from 2017-2020
2024-08-01,,-13.04047171274821,12.038799285888672,NCEI_NMME_CFSv2_PR_6h,2024-05-31 18:00:00,2024-05-31,3,3,cvalley,35.4,40.6,-122.5,-119.0,2024-06-01,2024-09-01,1,18,368.0,368,1.0,0.0,https://www.ncei.noaa.gov/thredds/catalog/model-nmme_cfs_v2_pr_6h_agg/files/catalog.xml,mm accumulated over target SPI window,NCEI THREDDS CFSv2 individual-run precipitation; member mean over selected latest-available initialization cycles in the feature month.,https://www.ncei.noaa.gov/thredds/dodsC/model-nmme_cfs_v2_pr_6h_agg/files/2024/pr_6hour_cfsv2-2011.2024053118_2024053118-2024120100.nc,25.079270998636883,CFSv2 forecast monthly normal from 2017-2020
2024-09-01,,-14.338205099105835,16.394651412963867,NCEI_NMME_CFSv2_PR_6h,2024-06-30 18:00:00,2024-06-30,3,3,cvalley,35.4,40.6,-122.5,-119.0,2024-07-01,2024-10-01,1,18,368.0,368,1.0,0.0,https://www.ncei.noaa.gov/thredds/catalog/model-nmme_cfs_v2_pr_6h_agg/files/catalog.xml,mm accumulated over target SPI window,NCEI THREDDS CFSv2 individual-run precipitation; member mean over selected latest-available initialization cycles in the feature month.,https://www.ncei.noaa.gov/thredds/dodsC/model-nmme_cfs_v2_pr_6h_agg/files/2024/pr_6hour_cfsv2-2011.2024063018_2024063018-2025010100.nc,30.732856512069702,CFSv2 forecast monthly normal from 2017-2020
2024-10-01,,7.222677826881409,42.60862731933594,NCEI_NMME_CFSv2_PR_6h,2024-07-31 18:00:00,2024-07-31,3,3,cvalley,35.4,40.6,-122.5,-119.0,2024-08-01,2024-11-01,1,18,368.0,368,1.0,0.0,https://www.ncei.noaa.gov/thredds/catalog/model-nmme_cfs_v2_pr_6h_agg/files/catalog.xml,mm accumulated over target SPI window,NCEI THREDDS CFSv2 individual-run precipitation; member mean over selected latest-available initialization cycles in the feature month.,https://www.ncei.noaa.gov/thredds/dodsC/model-nmme_cfs_v2_pr_6h_agg/files/2024/pr_6hour_cfsv2-2011.2024073118_2024073118-2025020100.nc,35.38594949245453,CFSv2 forecast monthly normal from 2017-2020
2024-11-01,,-124.15631866455078,43.818050384521484,NCEI_NMME_CFSv2_PR_6h,2024-08-31 18:00:00,2024-08-31,3,3,cvalley,35.4,40.6,-122.5,-119.0,2024-09-01,2024-12-01,1,18,364.0,364,1.0,0.0,https://www.ncei.noaa.gov/thredds/catalog/model-nmme_cfs_v2_pr_6h_agg/files/catalog.xml,mm accumulated over target SPI window,NCEI THREDDS CFSv2 individual-run precipitation; member mean over selected latest-available initialization cycles in the feature month.,https://www.ncei.noaa.gov/thredds/dodsC/model-nmme_cfs_v2_pr_6h_agg/files/2024/pr_6hour_cfsv2-2011.2024083118_2024083118-2025030100.nc,167.97436904907227,CFSv2 forecast monthly normal from 2017-2020
2024-12-01,,255.99857330322266,483.1553649902344,NCEI_NMME_CFSv2_PR_6h,2024-09-30 18:00:00,2024-09-30,3,3,cvalley,35.4,40.6,-122.5,-119.0,2024-10-01,2025-01-01,1,18,368.0,368,1.0,0.0,https://www.ncei.noaa.gov/thredds/catalog/model-nmme_cfs_v2_pr_6h_agg/files/catalog.xml,mm accumulated over target SPI window,NCEI THREDDS CFSv2 individual-run precipitation; member mean over selected latest-available initialization cycles in the feature month.,https://www.ncei.noaa.gov/thredds/dodsC/model-nmme_cfs_v2_pr_6h_agg/files/2024/pr_6hour_cfsv2-2011.2024093018_2024093018-2025040100.nc,227.15679168701172,CFSv2 forecast monthly normal from 2017-2020
2025-01-01,,150.96673202514648,489.5207214355469,NCEI_NMME_CFSv2_PR_6h,2024-10-31 18:00:00,2024-10-31,3,3,cvalley,35.4,40.6,-122.5,-119.0,2024-11-01,2025-02-01,1,18,368.0,368,1.0,0.0,https://www.ncei.noaa.gov/thredds/catalog/model-nmme_cfs_v2_pr_6h_agg/files/catalog.xml,mm accumulated over target SPI window,NCEI THREDDS CFSv2 individual-run precipitation; member mean over selected latest-available initialization cycles in the feature month.,https://www.ncei.noaa.gov/thredds/dodsC/model-nmme_cfs_v2_pr_6h_agg/files/2024/pr_6hour_cfsv2-2011.2024103118_2024103118-2025050100.nc,338.5539894104004,CFSv2 forecast monthly normal from 2017-2020
2025-02-01,,15.451883951822936,389.3844909667969,NCEI_NMME_CFSv2_PR_6h,2024-11-30 18:00:00,2024-11-30,3,3,cvalley,35.4,40.6,-122.5,-119.0,2024-12-01,2025-03-01,1,18,360.0,360,1.0,0.0,https://www.ncei.noaa.gov/thredds/catalog/model-nmme_cfs_v2_pr_6h_agg/files/catalog.xml,mm accumulated over target SPI window,NCEI THREDDS CFSv2 individual-run precipitation; member mean over selected latest-available initialization cycles in the feature month.,https://www.ncei.noaa.gov/thredds/dodsC/model-nmme_cfs_v2_pr_6h_agg/files/2024/pr_6hour_cfsv2-2011.2024113018_2024113018-2025060100.nc,373.93260701497394,CFSv2 forecast monthly normal from 2017-2020
2025-03-01,,207.67803955078125,554.5902709960938,NCEI_NMME_CFSv2_PR_6h,2024-12-31 18:00:00,2024-12-31,3,3,cvalley,35.4,40.6,-122.5,-119.0,2025-01-01,2025-04-01,1,18,360.0,360,1.0,0.0,https://www.ncei.noaa.gov/thredds/catalog/model-nmme_cfs_v2_pr_6h_agg/files/catalog.xml,mm accumulated over target SPI window,NCEI THREDDS CFSv2 individual-run precipitation; member mean over selected latest-available initialization cycles in the feature month.,https://www.ncei.noaa.gov/thredds/dodsC/model-nmme_cfs_v2_pr_6h_agg/files/2024/pr_6hour_cfsv2-2011.2024123118_2024123118-2025070100.nc,346.9122314453125,CFSv2 forecast monthly normal from 2017-2020
2025-04-01,,38.457725524902344,374.2198486328125,NCEI_NMME_CFSv2_PR_6h,2025-01-31 18:00:00,2025-01-31,3,3,cvalley,35.4,40.6,-122.5,-119.0,2025-02-01,2025-05-01,1,18,356.0,356,1.0,0.0,https://www.ncei.noaa.gov/thredds/catalog/model-nmme_cfs_v2_pr_6h_agg/files/catalog.xml,mm accumulated over target SPI window,NCEI THREDDS CFSv2 individual-run precipitation; member mean over selected latest-available initialization cycles in the feature month.,https://www.ncei.noaa.gov/thredds/dodsC/model-nmme_cfs_v2_pr_6h_agg/files/2025/pr_6hour_cfsv2-2011.2025013118_2025013118-2025080100.nc,335.76212310791016,CFSv2 forecast monthly normal from 2017-2020
2025-05-01,,11.611536661783859,127.46383666992188,NCEI_NMME_CFSv2_PR_6h,2025-02-28 18:00:00,2025-02-28,3,3,cvalley,35.4,40.6,-122.5,-119.0,2025-03-01,2025-06-01,1,18,368.0,368,1.0,0.0,https://www.ncei.noaa.gov/thredds/catalog/model-nmme_cfs_v2_pr_6h_agg/files/catalog.xml,mm accumulated over target SPI window,NCEI THREDDS CFSv2 individual-run precipitation; member mean over selected latest-available initialization cycles in the feature month.,https://www.ncei.noaa.gov/thredds/dodsC/model-nmme_cfs_v2_pr_6h_agg/files/2025/pr_6hour_cfsv2-2011.2025022818_2025022818-2025090100.nc,115.85230000813802,CFSv2 forecast monthly normal from 2017-2020
2025-06-01,,-12.328214645385742,104.78468322753906,NCEI_NMME_CFSv2_PR_6h,2025-03-01 18:00:00,2025-03-01,3,3,cvalley,35.4,40.6,-122.5,-119.0,2025-04-01,2025-07-01,1,18,364.0,364,1.0,0.0,https://www.ncei.noaa.gov/thredds/catalog/model-nmme_cfs_v2_pr_6h_agg/files/catalog.xml,mm accumulated over target SPI window,NCEI THREDDS CFSv2 individual-run precipitation; member mean over selected latest-available initialization cycles in the feature month.,https://www.ncei.noaa.gov/thredds/dodsC/model-nmme_cfs_v2_pr_6h_agg/files/2025/pr_6hour_cfsv2-2011.2025030118_2025030118-2025090100.nc,117.1128978729248,CFSv2 forecast monthly normal from 2017-2020
2025-07-01,,-3.649171829223633,38.45845031738281,NCEI_NMME_CFSv2_PR_6h,2025-04-30 18:00:00,2025-04-30,3,3,cvalley,35.4,40.6,-122.5,-119.0,2025-05-01,2025-08-01,1,18,368.0,368,1.0,0.0,https://www.ncei.noaa.gov/thredds/catalog/model-nmme_cfs_v2_pr_6h_agg/files/catalog.xml,mm accumulated over target SPI window,NCEI THREDDS CFSv2 individual-run precipitation; member mean over selected latest-available initialization cycles in the feature month.,https://www.ncei.noaa.gov/thredds/dodsC/model-nmme_cfs_v2_pr_6h_agg/files/2025/pr_6hour_cfsv2-2011.2025043018_2025043018-2025110100.nc,42.107622146606445,CFSv2 forecast monthly normal from 2017-2020
2025-08-01,,-21.629101912180584,3.450169086456299,NCEI_NMME_CFSv2_PR_6h,2025-05-01 18:00:00,2025-05-01,3,3,cvalley,35.4,40.6,-122.5,-119.0,2025-06-01,2025-09-01,1,18,368.0,368,1.0,0.0,https://www.ncei.noaa.gov/thredds/catalog/model-nmme_cfs_v2_pr_6h_agg/files/catalog.xml,mm accumulated over target SPI window,NCEI THREDDS CFSv2 individual-run precipitation; member mean over selected latest-available initialization cycles in the feature month.,https://www.ncei.noaa.gov/thredds/dodsC/model-nmme_cfs_v2_pr_6h_agg/files/2025/pr_6hour_cfsv2-2011.2025050118_2025050118-2025110100.nc,25.079270998636883,CFSv2 forecast monthly normal from 2017-2020
